" symbol may be delisted""}}}",Adj Close,Close,Date,High,Low,Open,Volume,"description:""No data found","error:{""code"":""Not Found""","{""chart"":{""result"":null"
,0.25,0.25,2012-02-13,0.25,0.205,0.21,458750.0,,,
,0.245,0.245,2012-02-14,0.26,0.245,0.26,274000.0,,,
,0.245,0.245,2012-02-15,0.245,0.245,0.245,0.0,,,
,0.23,0.23,2012-02-16,0.24,0.23,0.23,152000.0,,,
,0.22,0.22,2012-02-19,0.235,0.22,0.23,254671.0,,,
,0.225,0.225,2012-02-20,0.225,0.225,0.225,315829.0,,,
,0.22,0.22,2012-02-21,0.22,0.22,0.22,31250.0,,,
,0.23,0.23,2012-02-22,0.23,0.22,0.22,103750.0,,,
,0.23,0.23,2012-02-23,0.23,0.225,0.225,54464.0,,,
,0.23,0.23,2012-02-26,0.23,0.23,0.23,0.0,,,
,0.22,0.22,2012-02-27,0.22,0.22,0.22,35000.0,,,
,0.22,0.22,2012-02-28,0.22,0.21,0.22,200000.0,,,
,0.265,0.265,2012-02-29,0.27,0.23,0.23,654536.0,,,
,0.34,0.34,2012-03-01,0.35,0.27,0.275,953563.0,,,
,0.395,0.395,2012-03-04,0.45,0.35,0.35,1550735.0,,,
,0.36,0.36,2012-03-05,0.415,0.36,0.4,592190.0,,,
,0.395,0.395,2012-03-06,0.405,0.34,0.35,1138498.0,,,
,0.37,0.37,2012-03-07,0.395,0.37,0.395,475320.0,,,
,0.405,0.405,2012-03-08,0.41,0.385,0.395,646511.0,,,
,0.38,0.38,2012-03-11,0.41,0.38,0.41,222386.0,,,
,0.38,0.38,2012-03-12,0.39,0.38,0.38,452638.0,,,
,0.37,0.37,2012-03-13,0.395,0.37,0.375,98281.0,,,
,0.36,0.36,2012-03-14,0.37,0.36,0.37,247319.0,,,
,0.38,0.38,2012-03-15,0.38,0.35,0.36,351431.0,,,
,0.38,0.38,2012-03-18,0.385,0.38,0.385,138647.0,,,
,0.36,0.36,2012-03-19,0.38,0.36,0.38,333442.0,,,
,0.37,0.37,2012-03-20,0.37,0.35,0.36,228656.0,,,
,0.37,0.37,2012-03-21,0.37,0.36,0.37,96000.0,,,
,0.345,0.345,2012-03-22,0.36,0.33,0.36,199494.0,,,
,0.34,0.34,2012-03-25,0.34,0.335,0.34,99400.0,,,
,0.34,0.34,2012-03-26,0.36,0.34,0.36,49943.0,,,
,0.32,0.32,2012-03-27,0.34,0.32,0.34,34605.0,,,
,0.285,0.285,2012-03-28,0.32,0.285,0.315,62529.0,,,
,0.32,0.32,2012-03-29,0.34,0.31,0.31,311466.0,,,
,0.35,0.35,2012-04-02,0.37,0.35,0.35,268707.0,,,
,0.36,0.36,2012-04-03,0.37,0.36,0.36,326100.0,,,
,0.355,0.355,2012-04-04,0.365,0.355,0.36,140469.0,,,
,0.33,0.33,2012-04-05,0.355,0.33,0.355,39186.0,,,
,0.33,0.33,2012-04-10,0.33,0.33,0.33,27400.0,,,
,0.32,0.32,2012-04-11,0.32,0.32,0.32,65100.0,,,
,0.32,0.32,2012-04-12,0.32,0.32,0.32,43400.0,,,
,0.32,0.32,2012-04-13,0.33,0.32,0.32,120000.0,,,
,0.31,0.31,2012-04-16,0.32,0.31,0.32,110000.0,,,
,0.295,0.295,2012-04-17,0.32,0.295,0.32,420070.0,,,
,0.305,0.305,2012-04-18,0.31,0.3,0.3,213139.0,,,
,0.31,0.31,2012-04-19,0.31,0.31,0.31,21000.0,,,
,0.33,0.33,2012-04-20,0.34,0.33,0.34,49811.0,,,
,0.33,0.33,2012-04-23,0.34,0.33,0.34,5128.0,,,
,0.32,0.32,2012-04-24,0.33,0.32,0.32,139023.0,,,
,0.32,0.32,2012-04-26,0.32,0.32,0.32,28736.0,,,
,0.32,0.32,2012-04-27,0.325,0.32,0.325,204224.0,,,
,0.36,0.36,2012-04-30,0.41,0.335,0.365,1141654.0,,,
,0.34,0.34,2012-05-01,0.39,0.34,0.38,539539.0,,,
,0.36,0.36,2012-05-02,0.36,0.34,0.34,139298.0,,,
,0.39,0.39,2012-05-03,0.39,0.37,0.39,441744.0,,,
,0.36,0.36,2012-05-04,0.38,0.36,0.38,72700.0,,,
,0.34,0.34,2012-05-07,0.36,0.34,0.36,346805.0,,,
,0.33,0.33,2012-05-08,0.34,0.33,0.34,156909.0,,,
,0.31,0.31,2012-05-09,0.33,0.3,0.305,155777.0,,,
,0.315,0.315,2012-05-10,0.33,0.315,0.33,23000.0,,,
,0.325,0.325,2012-05-11,0.325,0.315,0.315,28461.0,,,
,0.32,0.32,2012-05-14,0.325,0.32,0.32,114433.0,,,
,0.32,0.32,2012-05-15,0.32,0.315,0.32,79300.0,,,
,0.3,0.3,2012-05-16,0.315,0.3,0.315,718892.0,,,
,0.3,0.3,2012-05-17,0.3,0.3,0.3,0.0,,,
,0.29,0.29,2012-05-18,0.3,0.29,0.3,251342.0,,,
,0.3,0.3,2012-05-21,0.3,0.3,0.3,29000.0,,,
,0.3,0.3,2012-05-22,0.3,0.3,0.3,0.0,,,
,0.31,0.31,2012-05-23,0.315,0.3,0.3,9925.0,,,
,0.33,0.33,2012-05-24,0.33,0.33,0.33,83589.0,,,
,0.32,0.32,2012-05-25,0.35,0.32,0.35,113200.0,,,
,0.33,0.33,2012-05-28,0.34,0.33,0.34,34708.0,,,
,0.34,0.34,2012-05-29,0.34,0.33,0.33,350000.0,,,
,0.32,0.32,2012-05-30,0.34,0.32,0.33,467937.0,,,
,0.32,0.32,2012-05-31,0.32,0.32,0.32,25574.0,,,
,0.31,0.31,2012-06-01,0.31,0.31,0.31,16331.0,,,
,0.31,0.31,2012-06-04,0.31,0.31,0.31,0.0,,,
,0.31,0.31,2012-06-05,0.31,0.31,0.31,0.0,,,
,0.3,0.3,2012-06-06,0.31,0.27,0.3,740840.0,,,
,0.3,0.3,2012-06-07,0.305,0.3,0.3,355814.0,,,
,0.31,0.31,2012-06-08,0.31,0.3,0.31,103119.0,,,
,0.29,0.29,2012-06-12,0.31,0.29,0.31,99600.0,,,
,0.28,0.28,2012-06-13,0.3,0.27,0.3,299948.0,,,
,0.275,0.275,2012-06-14,0.275,0.27,0.275,86779.0,,,
,0.26,0.26,2012-06-15,0.27,0.26,0.27,441500.0,,,
,0.275,0.275,2012-06-18,0.275,0.27,0.27,37221.0,,,
,0.295,0.295,2012-06-19,0.295,0.295,0.295,2400.0,,,
,0.29,0.29,2012-06-20,0.3,0.28,0.3,155720.0,,,
,0.28,0.28,2012-06-21,0.29,0.275,0.29,106636.0,,,
,0.27,0.27,2012-06-22,0.275,0.27,0.275,86301.0,,,
,0.275,0.275,2012-06-25,0.275,0.27,0.275,302120.0,,,
,0.27,0.27,2012-06-26,0.27,0.27,0.27,184990.0,,,
,0.27,0.27,2012-06-27,0.275,0.27,0.275,99987.0,,,
,0.27,0.27,2012-06-28,0.28,0.27,0.28,53991.0,,,
,0.275,0.275,2012-06-29,0.275,0.275,0.275,98700.0,,,
,0.275,0.275,2012-07-02,0.28,0.275,0.275,77909.0,,,
,0.3,0.3,2012-07-03,0.3,0.28,0.28,75157.0,,,
,0.3,0.3,2012-07-04,0.3,0.3,0.3,94385.0,,,
,0.3,0.3,2012-07-05,0.3,0.3,0.3,0.0,,,
,0.29,0.29,2012-07-06,0.31,0.275,0.31,176000.0,,,
,0.265,0.265,2012-07-09,0.29,0.265,0.29,161382.0,,,
,0.28,0.28,2012-07-10,0.28,0.27,0.27,64500.0,,,
,0.28,0.28,2012-07-11,0.28,0.27,0.28,454060.0,,,
,0.28,0.28,2012-07-12,0.3,0.28,0.28,73582.0,,,
,0.28,0.28,2012-07-13,0.28,0.28,0.28,25000.0,,,
,0.27,0.27,2012-07-16,0.28,0.265,0.28,236031.0,,,
,0.27,0.27,2012-07-17,0.27,0.27,0.27,75000.0,,,
,0.27,0.27,2012-07-18,0.28,0.27,0.28,48833.0,,,
,0.28,0.28,2012-07-19,0.28,0.265,0.265,72785.0,,,
,0.265,0.265,2012-07-20,0.27,0.265,0.27,40000.0,,,
,0.265,0.265,2012-07-23,0.265,0.265,0.265,70000.0,,,
,0.255,0.255,2012-07-24,0.26,0.255,0.26,581527.0,,,
,0.26,0.26,2012-07-25,0.26,0.26,0.26,3057.0,,,
,0.255,0.255,2012-07-26,0.275,0.255,0.275,46023.0,,,
,0.245,0.245,2012-07-27,0.25,0.24,0.25,96977.0,,,
,0.25,0.25,2012-07-30,0.25,0.25,0.25,112000.0,,,
,0.25,0.25,2012-07-31,0.25,0.25,0.25,70000.0,,,
,0.255,0.255,2012-08-01,0.255,0.255,0.255,10000.0,,,
,0.28,0.28,2012-08-02,0.28,0.28,0.28,14250.0,,,
,0.27,0.27,2012-08-03,0.29,0.27,0.27,196459.0,,,
,0.27,0.27,2012-08-06,0.275,0.27,0.275,124341.0,,,
,0.3,0.3,2012-08-07,0.305,0.27,0.27,833509.0,,,
,0.355,0.355,2012-08-08,0.38,0.305,0.31,2068816.0,,,
,0.34,0.34,2012-08-09,0.365,0.33,0.365,560328.0,,,
,0.35,0.35,2012-08-10,0.355,0.335,0.335,484000.0,,,
,0.35,0.35,2012-08-13,0.36,0.345,0.355,508172.0,,,
,0.355,0.355,2012-08-14,0.36,0.34,0.35,514526.0,,,
,0.35,0.35,2012-08-15,0.355,0.345,0.355,335400.0,,,
,0.36,0.36,2012-08-16,0.38,0.35,0.355,831340.0,,,
,0.35,0.35,2012-08-17,0.36,0.35,0.36,293040.0,,,
,0.34,0.34,2012-08-20,0.355,0.34,0.355,372676.0,,,
,0.34,0.34,2012-08-21,0.345,0.325,0.345,337247.0,,,
,0.33,0.33,2012-08-22,0.34,0.325,0.34,381023.0,,,
,0.335,0.335,2012-08-23,0.34,0.33,0.33,148876.0,,,
,0.345,0.345,2012-08-24,0.345,0.335,0.335,251765.0,,,
,0.345,0.345,2012-08-27,0.355,0.345,0.35,147222.0,,,
,0.34,0.34,2012-08-28,0.345,0.32,0.345,157800.0,,,
,0.355,0.355,2012-08-29,0.355,0.345,0.345,179315.0,,,
,0.33,0.33,2012-08-30,0.35,0.33,0.35,47615.0,,,
,0.37,0.37,2012-08-31,0.37,0.345,0.345,512565.0,,,
,0.37,0.37,2012-09-03,0.38,0.36,0.37,488762.0,,,
,0.38,0.38,2012-09-04,0.395,0.365,0.365,604106.0,,,
,0.375,0.375,2012-09-05,0.39,0.365,0.39,358747.0,,,
,0.385,0.385,2012-09-06,0.385,0.37,0.375,98181.0,,,
,0.41,0.41,2012-09-07,0.415,0.375,0.375,623494.0,,,
,0.445,0.445,2012-09-10,0.445,0.425,0.43,1404388.0,,,
,0.48,0.48,2012-09-11,0.49,0.45,0.45,742923.0,,,
,0.475,0.475,2012-09-12,0.525,0.47,0.505,1085206.0,,,
,0.465,0.465,2012-09-13,0.47,0.45,0.47,357461.0,,,
,0.5,0.5,2012-09-14,0.5,0.47,0.48,495652.0,,,
,0.505,0.505,2012-09-17,0.58,0.505,0.565,999849.0,,,
,0.53,0.53,2012-09-18,0.53,0.505,0.52,309827.0,,,
,0.545,0.545,2012-09-19,0.55,0.53,0.54,493627.0,,,
,0.545,0.545,2012-09-20,0.565,0.53,0.55,535325.0,,,
,0.625,0.625,2012-09-21,0.65,0.6,0.63,1251776.0,,,
,0.7,0.7,2012-09-24,0.7,0.615,0.64,765887.0,,,
,0.73,0.73,2012-09-25,0.745,0.66,0.7,1044364.0,,,
,0.815,0.815,2012-09-26,0.95,0.765,0.765,1759456.0,,,
,0.8,0.8,2012-09-27,0.86,0.76,0.85,772357.0,,,
,0.795,0.795,2012-09-28,0.83,0.78,0.83,359805.0,,,
,0.705,0.705,2012-10-01,0.795,0.705,0.795,665573.0,,,
,0.72,0.72,2012-10-02,0.72,0.7,0.72,352789.0,,,
,0.73,0.73,2012-10-03,0.73,0.67,0.685,419452.0,,,
,0.77,0.77,2012-10-04,0.775,0.73,0.73,428007.0,,,
,0.795,0.795,2012-10-05,0.81,0.76,0.76,327472.0,,,
,0.735,0.735,2012-10-07,0.8,0.7,0.8,228576.0,,,
,0.74,0.74,2012-10-08,0.76,0.74,0.75,213700.0,,,
,0.69,0.69,2012-10-09,0.76,0.685,0.76,225048.0,,,
,0.69,0.69,2012-10-10,0.695,0.68,0.68,94035.0,,,
,0.66,0.66,2012-10-11,0.7,0.64,0.69,589570.0,,,
,0.63,0.63,2012-10-14,0.66,0.63,0.66,139470.0,,,
,0.63,0.63,2012-10-15,0.63,0.62,0.625,71919.0,,,
,0.61,0.61,2012-10-16,0.64,0.61,0.63,245694.0,,,
,0.635,0.635,2012-10-17,0.635,0.61,0.61,134295.0,,,
,0.7,0.7,2012-10-18,0.7,0.635,0.635,156105.0,,,
,0.68,0.68,2012-10-21,0.69,0.67,0.675,54064.0,,,
,0.695,0.695,2012-10-22,0.695,0.69,0.69,26989.0,,,
,0.68,0.68,2012-10-23,0.73,0.66,0.695,187906.0,,,
,0.72,0.72,2012-10-24,0.72,0.65,0.67,206331.0,,,
,0.79,0.79,2012-10-25,0.79,0.71,0.71,209873.0,,,
,0.76,0.76,2012-10-28,0.77,0.7,0.77,174312.0,,,
,0.765,0.765,2012-10-29,0.78,0.76,0.78,75359.0,,,
,0.75,0.75,2012-10-30,0.76,0.7,0.76,88947.0,,,
,0.74,0.74,2012-10-31,0.75,0.735,0.75,24289.0,,,
,0.7,0.7,2012-11-01,0.74,0.7,0.74,96974.0,,,
,0.66,0.66,2012-11-04,0.7,0.66,0.695,97446.0,,,
,0.695,0.695,2012-11-05,0.755,0.68,0.725,147149.0,,,
,0.685,0.685,2012-11-06,0.72,0.685,0.71,137965.0,,,
,0.685,0.685,2012-11-07,0.7,0.67,0.7,180332.0,,,
,0.68,0.68,2012-11-08,0.69,0.67,0.68,155113.0,,,
,0.69,0.69,2012-11-11,0.7,0.68,0.68,122968.0,,,
,0.73,0.73,2012-11-12,0.76,0.69,0.705,608583.0,,,
,0.735,0.735,2012-11-13,0.76,0.72,0.72,361368.0,,,
,0.79,0.79,2012-11-14,0.805,0.725,0.735,457321.0,,,
,0.8,0.8,2012-11-15,0.83,0.79,0.795,550457.0,,,
,0.83,0.83,2012-11-18,0.87,0.8,0.84,490709.0,,,
,0.825,0.825,2012-11-19,0.865,0.82,0.86,579430.0,,,
,0.8,0.8,2012-11-20,0.85,0.8,0.835,111603.0,,,
,0.8,0.8,2012-11-21,0.8,0.8,0.8,0.0,,,
,0.84,0.84,2012-11-22,0.85,0.76,0.76,450226.0,,,
,0.835,0.835,2012-11-25,0.85,0.81,0.845,246244.0,,,
,0.84,0.84,2012-11-26,0.84,0.8,0.83,135621.0,,,
,0.845,0.845,2012-11-27,0.86,0.815,0.84,114632.0,,,
,0.885,0.885,2012-11-28,0.9,0.845,0.845,438605.0,,,
,0.89,0.89,2012-11-29,0.93,0.85,0.855,665873.0,,,
,0.84,0.84,2012-12-02,0.88,0.82,0.88,337283.0,,,
,0.825,0.825,2012-12-03,0.875,0.82,0.83,389382.0,,,
,0.815,0.815,2012-12-04,0.83,0.815,0.815,191394.0,,,
,0.8,0.8,2012-12-05,0.815,0.78,0.815,578212.0,,,
,0.81,0.81,2012-12-06,0.815,0.765,0.785,556123.0,,,
,0.8,0.8,2012-12-09,0.805,0.795,0.805,29825.0,,,
,0.8,0.8,2012-12-10,0.82,0.78,0.8,603092.0,,,
,0.795,0.795,2012-12-11,0.8,0.78,0.8,198451.0,,,
,0.805,0.805,2012-12-12,0.83,0.785,0.79,302291.0,,,
,0.81,0.81,2012-12-13,0.84,0.8,0.8,250897.0,,,
,0.8,0.8,2012-12-16,0.84,0.8,0.84,197462.0,,,
,0.79,0.79,2012-12-17,0.82,0.79,0.82,163803.0,,,
,0.785,0.785,2012-12-18,0.79,0.785,0.79,28668.0,,,
,0.78,0.78,2012-12-19,0.8,0.765,0.79,146262.0,,,
,0.78,0.78,2012-12-20,0.78,0.745,0.78,201522.0,,,
,0.75,0.75,2012-12-23,0.78,0.75,0.78,130952.0,,,
,0.76,0.76,2012-12-26,0.76,0.75,0.75,39314.0,,,
,0.77,0.77,2012-12-27,0.77,0.76,0.765,20582.0,,,
,0.795,0.795,2012-12-30,0.795,0.77,0.77,5279.0,,,
,0.82,0.82,2013-01-01,0.82,0.795,0.795,104241.0,,,
,0.69,0.69,2013-01-02,0.9,0.69,0.9,2516602.0,,,
,0.745,0.745,2013-01-03,0.785,0.73,0.76,1014772.0,,,
,0.78,0.78,2013-01-06,0.835,0.77,0.77,666855.0,,,
,0.79,0.79,2013-01-07,0.815,0.79,0.795,72006.0,,,
,0.775,0.775,2013-01-08,0.8,0.745,0.8,228579.0,,,
,0.77,0.77,2013-01-09,0.78,0.76,0.78,119343.0,,,
,0.76,0.76,2013-01-10,0.78,0.76,0.77,25560.0,,,
,0.76,0.76,2013-01-13,0.76,0.76,0.76,0.0,,,
,0.725,0.725,2013-01-14,0.795,0.725,0.75,428279.0,,,
,0.76,0.76,2013-01-15,0.76,0.74,0.75,130968.0,,,
,0.73,0.73,2013-01-16,0.755,0.73,0.755,225421.0,,,
,0.745,0.745,2013-01-17,0.745,0.73,0.735,98929.0,,,
,0.73,0.73,2013-01-20,0.745,0.725,0.745,120015.0,,,
,0.66,0.66,2013-01-21,0.74,0.66,0.74,390871.0,,,
,0.69,0.69,2013-01-22,0.705,0.67,0.67,352001.0,,,
,0.685,0.685,2013-01-23,0.7,0.685,0.7,190872.0,,,
,0.7,0.7,2013-01-24,0.705,0.69,0.69,65267.0,,,
,0.685,0.685,2013-01-28,0.7,0.685,0.7,54114.0,,,
,0.685,0.685,2013-01-29,0.7,0.68,0.685,122491.0,,,
,0.69,0.69,2013-01-30,0.71,0.67,0.69,481765.0,,,
,0.745,0.745,2013-01-31,0.745,0.71,0.71,438774.0,,,
,0.75,0.75,2013-02-03,0.76,0.745,0.745,414307.0,,,
,0.72,0.72,2013-02-04,0.75,0.72,0.75,64551.0,,,
,0.73,0.73,2013-02-05,0.74,0.695,0.72,74721.0,,,
,0.695,0.695,2013-02-06,0.73,0.695,0.725,90484.0,,,
,0.705,0.705,2013-02-07,0.725,0.705,0.725,29000.0,,,
,0.74,0.74,2013-02-10,0.74,0.705,0.705,140413.0,,,
,0.73,0.73,2013-02-11,0.74,0.725,0.74,249870.0,,,
,0.725,0.725,2013-02-12,0.73,0.725,0.73,59012.0,,,
,0.71,0.71,2013-02-13,0.73,0.71,0.73,69000.0,,,
,0.72,0.72,2013-02-14,0.72,0.7,0.71,55600.0,,,
,0.7,0.7,2013-02-17,0.72,0.7,0.715,67847.0,,,
,0.7,0.7,2013-02-18,0.715,0.7,0.715,50512.0,,,
,0.7,0.7,2013-02-19,0.74,0.7,0.7,238286.0,,,
,0.69,0.69,2013-02-20,0.7,0.69,0.695,71858.0,,,
,0.68,0.68,2013-02-21,0.69,0.67,0.69,111659.0,,,
,0.695,0.695,2013-02-24,0.695,0.675,0.68,80133.0,,,
,0.69,0.69,2013-02-25,0.7,0.69,0.7,49827.0,,,
,0.69,0.69,2013-02-26,0.7,0.69,0.7,104000.0,,,
,0.69,0.69,2013-02-27,0.7,0.69,0.69,58265.0,,,
,0.73,0.73,2013-02-28,0.73,0.68,0.68,66557.0,,,
,0.715,0.715,2013-03-03,0.725,0.715,0.725,4830.0,,,
,0.685,0.685,2013-03-04,0.72,0.68,0.72,125643.0,,,
,0.69,0.69,2013-03-05,0.72,0.675,0.72,297646.0,,,
,0.7,0.7,2013-03-06,0.72,0.7,0.72,35578.0,,,
,0.7,0.7,2013-03-07,0.7,0.685,0.7,108780.0,,,
,0.7,0.7,2013-03-10,0.72,0.7,0.71,33819.0,,,
,0.715,0.715,2013-03-11,0.72,0.69,0.705,374263.0,,,
,0.69,0.69,2013-03-12,0.725,0.69,0.725,29954.0,,,
,0.71,0.71,2013-03-13,0.715,0.685,0.715,181883.0,,,
,0.76,0.76,2013-03-14,0.76,0.7,0.72,144720.0,,,
,0.73,0.73,2013-03-17,0.755,0.725,0.735,54892.0,,,
,0.7,0.7,2013-03-18,0.73,0.7,0.73,217648.0,,,
,0.7,0.7,2013-03-19,0.7,0.685,0.7,59786.0,,,
,0.68,0.68,2013-03-20,0.7,0.68,0.7,131400.0,,,
,0.7,0.7,2013-03-21,0.7,0.68,0.685,42872.0,,,
,0.68,0.68,2013-03-24,0.71,0.68,0.68,24526.0,,,
,0.665,0.665,2013-03-25,0.68,0.665,0.68,13222.0,,,
,0.65,0.65,2013-03-26,0.695,0.65,0.67,77473.0,,,
,0.655,0.655,2013-03-27,0.66,0.655,0.655,17146.0,,,
,0.66,0.66,2013-04-01,0.665,0.655,0.655,89751.0,,,
,0.61,0.61,2013-04-02,0.665,0.6,0.66,258502.0,,,
,0.58,0.58,2013-04-03,0.61,0.55,0.61,313632.0,,,
,0.55,0.55,2013-04-04,0.575,0.53,0.575,131627.0,,,
,0.51,0.51,2013-04-08,0.55,0.49,0.54,323615.0,,,
,0.52,0.52,2013-04-09,0.565,0.52,0.52,114336.0,,,
,0.51,0.51,2013-04-10,0.525,0.505,0.525,113482.0,,,
,0.525,0.525,2013-04-11,0.525,0.515,0.52,117930.0,,,
,0.54,0.54,2013-04-12,0.57,0.525,0.525,98960.0,,,
,0.53,0.53,2013-04-15,0.55,0.53,0.54,57721.0,,,
,0.52,0.52,2013-04-16,0.53,0.52,0.53,123772.0,,,
,0.53,0.53,2013-04-17,0.57,0.52,0.52,170355.0,,,
,0.5,0.5,2013-04-18,0.525,0.5,0.525,125023.0,,,
,0.5,0.5,2013-04-19,0.52,0.5,0.5,218969.0,,,
,0.505,0.505,2013-04-22,0.505,0.5,0.5,10500.0,,,
,0.5,0.5,2013-04-23,0.5,0.5,0.5,62300.0,,,
,0.46,0.46,2013-04-24,0.48,0.46,0.48,121055.0,,,
,0.45,0.45,2013-04-26,0.46,0.42,0.46,159568.0,,,
,0.45,0.45,2013-04-29,0.45,0.45,0.45,0.0,,,
,0.45,0.45,2013-04-30,0.45,0.45,0.45,0.0,,,
,0.405,0.405,2013-05-01,0.41,0.4,0.4,408439.0,,,
,0.4,0.4,2013-05-02,0.44,0.4,0.41,335197.0,,,
,0.375,0.375,2013-05-03,0.42,0.375,0.405,497012.0,,,
,0.39,0.39,2013-05-06,0.405,0.375,0.375,764090.0,,,
,0.38,0.38,2013-05-07,0.4,0.38,0.39,302068.0,,,
,0.39,0.39,2013-05-08,0.395,0.385,0.385,108900.0,,,
,0.4,0.4,2013-05-09,0.41,0.39,0.39,571626.0,,,
,0.405,0.405,2013-05-10,0.405,0.395,0.405,122500.0,,,
,0.41,0.41,2013-05-13,0.41,0.395,0.4,132300.0,,,
,0.41,0.41,2013-05-14,0.415,0.4,0.4,235674.0,,,
,0.41,0.41,2013-05-15,0.415,0.41,0.415,72278.0,,,
,0.38,0.38,2013-05-16,0.41,0.38,0.405,218142.0,,,
,0.39,0.39,2013-05-17,0.4,0.385,0.385,139995.0,,,
,0.39,0.39,2013-05-20,0.4,0.385,0.39,32374.0,,,
,0.415,0.415,2013-05-21,0.415,0.39,0.39,28513.0,,,
,0.4,0.4,2013-05-22,0.4,0.39,0.4,189600.0,,,
,0.38,0.38,2013-05-23,0.4,0.38,0.4,144023.0,,,
,0.39,0.39,2013-05-24,0.39,0.38,0.38,63950.0,,,
,0.39,0.39,2013-05-27,0.39,0.38,0.385,147041.0,,,
,0.395,0.395,2013-05-28,0.395,0.39,0.39,56450.0,,,
,0.39,0.39,2013-05-29,0.4,0.39,0.39,285000.0,,,
,0.42,0.42,2013-05-30,0.44,0.4,0.4,521740.0,,,
,0.43,0.43,2013-05-31,0.47,0.425,0.45,290547.0,,,
,0.48,0.48,2013-06-03,0.48,0.43,0.43,227474.0,,,
,0.45,0.45,2013-06-04,0.47,0.45,0.465,499960.0,,,
,0.46,0.46,2013-06-05,0.47,0.46,0.46,142200.0,,,
,0.43,0.43,2013-06-06,0.48,0.43,0.47,478623.0,,,
,0.435,0.435,2013-06-07,0.44,0.42,0.44,311470.0,,,
,0.4,0.4,2013-06-11,0.435,0.4,0.435,442524.0,,,
,0.41,0.41,2013-06-12,0.415,0.4,0.4,158130.0,,,
,0.41,0.41,2013-06-13,0.41,0.405,0.405,31900.0,,,
,0.44,0.44,2013-06-14,0.44,0.415,0.415,23100.0,,,
,0.46,0.46,2013-06-17,0.46,0.435,0.435,115000.0,,,
,0.445,0.445,2013-06-18,0.46,0.44,0.44,50092.0,,,
,0.425,0.425,2013-06-19,0.45,0.42,0.45,65608.0,,,
,0.43,0.43,2013-06-20,0.43,0.415,0.42,123476.0,,,
,0.415,0.415,2013-06-21,0.42,0.4,0.42,331670.0,,,
,0.415,0.415,2013-06-24,0.42,0.4,0.42,133681.0,,,
,0.415,0.415,2013-06-25,0.415,0.405,0.405,65050.0,,,
,0.43,0.43,2013-06-26,0.43,0.415,0.415,47031.0,,,
,0.43,0.43,2013-06-27,0.43,0.42,0.43,89121.0,,,
,0.43,0.43,2013-06-28,0.43,0.425,0.43,70200.0,,,
,0.43,0.43,2013-07-01,0.45,0.42,0.42,241600.0,,,
,0.46,0.46,2013-07-02,0.47,0.43,0.44,172174.0,,,
,0.46,0.46,2013-07-03,0.46,0.45,0.455,218878.0,,,
,0.465,0.465,2013-07-04,0.465,0.45,0.455,177703.0,,,
,0.53,0.53,2013-07-05,0.545,0.48,0.48,663578.0,,,
,0.56,0.56,2013-07-08,0.63,0.55,0.565,523932.0,,,
,0.56,0.56,2013-07-09,0.56,0.51,0.56,485232.0,,,
,0.48,0.48,2013-07-10,0.55,0.45,0.55,1162508.0,,,
,0.45,0.45,2013-07-11,0.48,0.445,0.48,530086.0,,,
,0.47,0.47,2013-07-12,0.47,0.45,0.45,112812.0,,,
,0.52,0.52,2013-07-15,0.52,0.47,0.47,243521.0,,,
,0.5,0.5,2013-07-16,0.55,0.495,0.53,180644.0,,,
,0.515,0.515,2013-07-17,0.515,0.51,0.51,37578.0,,,
,0.57,0.57,2013-07-18,0.57,0.525,0.535,243283.0,,,
,0.54,0.54,2013-07-19,0.57,0.53,0.565,220880.0,,,
,0.565,0.565,2013-07-22,0.59,0.515,0.55,434970.0,,,
,0.66,0.66,2013-07-23,0.66,0.6,0.6,693074.0,,,
,0.62,0.62,2013-07-24,0.69,0.61,0.69,565843.0,,,
,0.61,0.61,2013-07-25,0.62,0.605,0.61,190500.0,,,
,0.62,0.62,2013-07-26,0.625,0.615,0.62,130005.0,,,
,0.65,0.65,2013-07-29,0.65,0.62,0.63,378723.0,,,
,0.65,0.65,2013-07-30,0.68,0.64,0.68,243191.0,,,
,0.63,0.63,2013-07-31,0.68,0.63,0.65,246474.0,,,
,0.61,0.61,2013-08-01,0.645,0.61,0.625,149100.0,,,
,0.59,0.59,2013-08-02,0.645,0.58,0.62,536296.0,,,
,0.6,0.6,2013-08-05,0.61,0.6,0.6,20253.0,,,
,0.62,0.62,2013-08-06,0.62,0.6,0.61,42123.0,,,
,0.615,0.615,2013-08-07,0.63,0.615,0.62,109663.0,,,
,0.59,0.59,2013-08-08,0.62,0.59,0.605,178170.0,,,
,0.565,0.565,2013-08-09,0.59,0.56,0.59,261925.0,,,
,0.575,0.575,2013-08-12,0.585,0.565,0.57,63028.0,,,
,0.585,0.585,2013-08-13,0.585,0.58,0.58,20300.0,,,
,0.595,0.595,2013-08-14,0.595,0.59,0.59,13005.0,,,
,0.6,0.6,2013-08-15,0.6,0.575,0.585,92887.0,,,
,0.6,0.6,2013-08-16,0.6,0.6,0.6,5766.0,,,
,0.59,0.59,2013-08-19,0.6,0.59,0.6,84600.0,,,
,0.6,0.6,2013-08-20,0.6,0.585,0.59,215188.0,,,
,0.585,0.585,2013-08-21,0.62,0.575,0.62,199917.0,,,
,0.54,0.54,2013-08-22,0.59,0.54,0.59,181160.0,,,
,0.55,0.55,2013-08-23,0.57,0.54,0.56,232522.0,,,
,0.565,0.565,2013-08-26,0.565,0.54,0.56,271451.0,,,
,0.65,0.65,2013-08-27,0.7,0.58,0.58,1590897.0,,,
,0.66,0.66,2013-08-28,0.67,0.635,0.665,622462.0,,,
,0.64,0.64,2013-08-29,0.66,0.64,0.65,358171.0,,,
,0.67,0.67,2013-08-30,0.695,0.64,0.65,773951.0,,,
,0.73,0.73,2013-09-02,0.735,0.7,0.725,1158096.0,,,
,0.7,0.7,2013-09-03,0.73,0.695,0.725,438343.0,,,
,0.65,0.65,2013-09-04,0.68,0.65,0.68,611134.0,,,
,0.65,0.65,2013-09-05,0.65,0.65,0.65,0.0,,,
,0.66,0.66,2013-09-06,0.7,0.625,0.635,598259.0,,,
,0.66,0.66,2013-09-09,0.695,0.66,0.67,567286.0,,,
,0.68,0.68,2013-09-10,0.685,0.66,0.675,600252.0,,,
,0.64,0.64,2013-09-11,0.68,0.64,0.68,479116.0,,,
,0.65,0.65,2013-09-12,0.66,0.625,0.63,438730.0,,,
,0.65,0.65,2013-09-13,0.66,0.635,0.65,479348.0,,,
,0.67,0.67,2013-09-16,0.67,0.65,0.665,224773.0,,,
,0.675,0.675,2013-09-17,0.7,0.67,0.67,612781.0,,,
,0.655,0.655,2013-09-18,0.67,0.655,0.67,583922.0,,,
,0.705,0.705,2013-09-19,0.71,0.665,0.665,915935.0,,,
,0.725,0.725,2013-09-20,0.775,0.715,0.72,860002.0,,,
,0.705,0.705,2013-09-23,0.72,0.7,0.72,403373.0,,,
,0.715,0.715,2013-09-24,0.76,0.71,0.73,956654.0,,,
,0.73,0.73,2013-09-25,0.74,0.71,0.735,329502.0,,,
,0.72,0.72,2013-09-26,0.74,0.715,0.735,240767.0,,,
,0.71,0.71,2013-09-27,0.73,0.71,0.73,159506.0,,,
,0.72,0.72,2013-09-30,0.73,0.715,0.73,181000.0,,,
,0.71,0.71,2013-10-01,0.73,0.705,0.73,209654.0,,,
,0.695,0.695,2013-10-02,0.705,0.69,0.7,509240.0,,,
,0.68,0.68,2013-10-03,0.7,0.68,0.695,153000.0,,,
,0.68,0.68,2013-10-04,0.68,0.655,0.68,503341.0,,,
,0.69,0.69,2013-10-06,0.7,0.675,0.68,313026.0,,,
,0.67,0.67,2013-10-07,0.695,0.67,0.695,219998.0,,,
,0.675,0.675,2013-10-08,0.675,0.66,0.67,182268.0,,,
,0.66,0.66,2013-10-09,0.675,0.66,0.675,127969.0,,,
,0.665,0.665,2013-10-10,0.68,0.665,0.675,62985.0,,,
,0.695,0.695,2013-10-13,0.735,0.687,0.7,317715.0,,,
,0.715,0.715,2013-10-14,0.73,0.7,0.7,243499.0,,,
,0.725,0.725,2013-10-15,0.73,0.705,0.72,896702.0,,,
,0.765,0.765,2013-10-16,0.78,0.725,0.725,836417.0,,,
,0.75,0.75,2013-10-17,0.76,0.735,0.75,567085.0,,,
,0.77,0.77,2013-10-20,0.785,0.755,0.76,420570.0,,,
,0.735,0.735,2013-10-21,0.77,0.735,0.76,433902.0,,,
,0.77,0.77,2013-10-22,0.77,0.74,0.745,534173.0,,,
,0.77,0.77,2013-10-23,0.77,0.75,0.77,186721.0,,,
,0.715,0.715,2013-10-24,0.77,0.71,0.755,747985.0,,,
,0.715,0.715,2013-10-27,0.715,0.675,0.715,623178.0,,,
,0.72,0.72,2013-10-28,0.74,0.71,0.715,216052.0,,,
,0.7,0.7,2013-10-29,0.72,0.7,0.72,289131.0,,,
,0.735,0.735,2013-10-30,0.74,0.695,0.7,304857.0,,,
,0.715,0.715,2013-10-31,0.78,0.715,0.78,1855671.0,,,
,0.695,0.695,2013-11-03,0.72,0.67,0.72,689863.0,,,
,0.71,0.71,2013-11-04,0.72,0.695,0.695,557845.0,,,
,0.71,0.71,2013-11-05,0.72,0.7,0.715,246271.0,,,
,0.715,0.715,2013-11-06,0.74,0.7,0.72,419165.0,,,
,0.73,0.73,2013-11-07,0.77,0.71,0.715,723975.0,,,
,0.725,0.725,2013-11-10,0.75,0.72,0.74,311892.0,,,
,0.74,0.74,2013-11-11,0.745,0.725,0.73,335879.0,,,
,0.73,0.73,2013-11-12,0.745,0.73,0.745,309432.0,,,
,0.77,0.77,2013-11-13,0.77,0.72,0.725,531588.0,,,
,0.755,0.755,2013-11-14,0.775,0.755,0.765,297367.0,,,
,0.75,0.75,2013-11-17,0.76,0.75,0.76,212208.0,,,
,0.75,0.75,2013-11-18,0.76,0.75,0.75,109036.0,,,
,0.75,0.75,2013-11-19,0.755,0.75,0.75,71326.0,,,
,0.74,0.74,2013-11-20,0.75,0.74,0.75,164216.0,,,
,0.755,0.755,2013-11-21,0.775,0.74,0.745,511443.0,,,
,0.78,0.78,2013-11-24,0.78,0.755,0.76,369379.0,,,
,0.785,0.785,2013-11-25,0.83,0.78,0.8,818267.0,,,
,0.765,0.765,2013-11-26,0.8,0.765,0.8,269999.0,,,
,0.74,0.74,2013-11-27,0.76,0.74,0.76,404669.0,,,
,0.725,0.725,2013-11-28,0.75,0.72,0.75,266651.0,,,
,0.725,0.725,2013-12-01,0.725,0.725,0.725,0.0,,,
,0.725,0.725,2013-12-02,0.725,0.725,0.725,0.0,,,
,0.725,0.725,2013-12-03,0.725,0.725,0.725,0.0,,,
,0.675,0.675,2013-12-04,0.695,0.65,0.66,915715.0,,,
,0.67,0.67,2013-12-05,0.7,0.66,0.675,554557.0,,,
,0.61,0.61,2013-12-08,0.68,0.57,0.68,993587.0,,,
,0.61,0.61,2013-12-09,0.635,0.61,0.615,450203.0,,,
,0.59,0.59,2013-12-10,0.61,0.58,0.61,417598.0,,,
,0.57,0.57,2013-12-11,0.595,0.57,0.595,423840.0,,,
,0.58,0.58,2013-12-12,0.6,0.56,0.57,534411.0,,,
,0.57,0.57,2013-12-15,0.585,0.56,0.58,324539.0,,,
,0.57,0.57,2013-12-16,0.59,0.565,0.575,495736.0,,,
,0.585,0.585,2013-12-17,0.595,0.575,0.575,169070.0,,,
,0.6,0.6,2013-12-18,0.645,0.59,0.59,315847.0,,,
,0.595,0.595,2013-12-19,0.61,0.595,0.605,64722.0,,,
,0.595,0.595,2013-12-22,0.61,0.58,0.61,386497.0,,,
,0.61,0.61,2013-12-23,0.62,0.59,0.59,171381.0,,,
,0.605,0.605,2013-12-26,0.615,0.585,0.61,260039.0,,,
,0.615,0.615,2013-12-29,0.615,0.585,0.6,473390.0,,,
,0.62,0.62,2013-12-30,0.62,0.595,0.6,262896.0,,,
,0.6,0.6,2014-01-01,0.62,0.595,0.62,95045.0,,,
,0.63,0.63,2014-01-02,0.645,0.605,0.605,704021.0,,,
,0.615,0.615,2014-01-05,0.645,0.615,0.64,458389.0,,,
,0.635,0.635,2014-01-06,0.65,0.63,0.63,472047.0,,,
,0.615,0.615,2014-01-07,0.635,0.615,0.635,137599.0,,,
,0.61,0.61,2014-01-08,0.625,0.605,0.625,180878.0,,,
,0.615,0.615,2014-01-09,0.62,0.61,0.615,74000.0,,,
,0.59,0.59,2014-01-12,0.61,0.59,0.61,484722.0,,,
,0.59,0.59,2014-01-13,0.61,0.59,0.61,61967.0,,,
,0.59,0.59,2014-01-14,0.6,0.59,0.595,12215.0,,,
,0.585,0.585,2014-01-15,0.59,0.565,0.59,239680.0,,,
,0.575,0.575,2014-01-16,0.585,0.57,0.585,385683.0,,,
,0.575,0.575,2014-01-19,0.6,0.57,0.58,224457.0,,,
,0.565,0.565,2014-01-20,0.58,0.56,0.575,210460.0,,,
,0.535,0.535,2014-01-21,0.56,0.525,0.56,451990.0,,,
,0.53,0.53,2014-01-22,0.545,0.53,0.545,178296.0,,,
,0.54,0.54,2014-01-23,0.54,0.52,0.535,306673.0,,,
,0.52,0.52,2014-01-27,0.54,0.52,0.54,239684.0,,,
,0.51,0.51,2014-01-28,0.525,0.48,0.52,431804.0,,,
,0.515,0.515,2014-01-29,0.53,0.5,0.5,252883.0,,,
,0.51,0.51,2014-01-30,0.53,0.505,0.53,141778.0,,,
,0.53,0.53,2014-02-02,0.54,0.51,0.51,146305.0,,,
,0.51,0.51,2014-02-03,0.53,0.51,0.53,112700.0,,,
,0.54,0.54,2014-02-04,0.54,0.51,0.52,280459.0,,,
,0.57,0.57,2014-02-05,0.57,0.53,0.54,252364.0,,,
,0.565,0.565,2014-02-06,0.58,0.54,0.58,85013.0,,,
,0.545,0.545,2014-02-09,0.565,0.545,0.565,58876.0,,,
,0.56,0.56,2014-02-10,0.56,0.545,0.55,58830.0,,,
,0.59,0.59,2014-02-11,0.6,0.55,0.55,247620.0,,,
,0.56,0.56,2014-02-12,0.59,0.56,0.585,311265.0,,,
,0.565,0.565,2014-02-13,0.585,0.55,0.57,230280.0,,,
,0.575,0.575,2014-02-16,0.585,0.565,0.58,122236.0,,,
,0.545,0.545,2014-02-17,0.575,0.54,0.575,219804.0,,,
,0.53,0.53,2014-02-18,0.555,0.53,0.55,214732.0,,,
,0.53,0.53,2014-02-19,0.545,0.52,0.53,241249.0,,,
,0.53,0.53,2014-02-20,0.54,0.515,0.54,141013.0,,,
,0.505,0.505,2014-02-23,0.52,0.505,0.52,180605.0,,,
,0.505,0.505,2014-02-24,0.54,0.505,0.51,137840.0,,,
,0.52,0.52,2014-02-25,0.53,0.515,0.52,267230.0,,,
,0.5,0.5,2014-02-26,0.51,0.48,0.51,264539.0,,,
,0.495,0.495,2014-02-27,0.5,0.49,0.5,156203.0,,,
,0.45,0.45,2014-03-02,0.48,0.43,0.48,2075724.0,,,
,0.48,0.48,2014-03-03,0.49,0.43,0.435,530971.0,,,
,0.5,0.5,2014-03-04,0.505,0.485,0.49,721017.0,,,
,0.495,0.495,2014-03-05,0.5,0.475,0.5,288322.0,,,
,0.485,0.485,2014-03-06,0.5,0.485,0.5,338710.0,,,
,0.48,0.48,2014-03-09,0.495,0.48,0.495,130232.0,,,
,0.48,0.48,2014-03-10,0.495,0.48,0.495,144606.0,,,
,0.465,0.465,2014-03-11,0.49,0.46,0.475,183585.0,,,
,0.48,0.48,2014-03-12,0.48,0.445,0.455,220521.0,,,
,0.46,0.46,2014-03-13,0.48,0.46,0.48,88723.0,,,
,0.44,0.44,2014-03-16,0.46,0.435,0.46,354180.0,,,
,0.43,0.43,2014-03-17,0.445,0.425,0.44,284502.0,,,
,0.41,0.41,2014-03-18,0.435,0.395,0.43,1487843.0,,,
,0.41,0.41,2014-03-19,0.42,0.4,0.4,785717.0,,,
,0.44,0.44,2014-03-20,0.44,0.42,0.435,276582.0,,,
,0.43,0.43,2014-03-23,0.45,0.425,0.44,323189.0,,,
,0.415,0.415,2014-03-24,0.435,0.415,0.425,256938.0,,,
,0.41,0.41,2014-03-25,0.415,0.41,0.415,57371.0,,,
,0.4,0.4,2014-03-26,0.42,0.4,0.41,252574.0,,,
,0.38,0.38,2014-03-27,0.43,0.375,0.415,1124285.0,,,
,0.4,0.4,2014-03-30,0.41,0.385,0.4,98942.0,,,
,0.375,0.375,2014-03-31,0.4,0.375,0.4,411748.0,,,
,0.375,0.375,2014-04-01,0.4,0.375,0.385,172223.0,,,
,0.38,0.38,2014-04-02,0.385,0.37,0.38,540398.0,,,
,0.385,0.385,2014-04-03,0.395,0.38,0.38,123182.0,,,
,0.385,0.385,2014-04-07,0.385,0.38,0.38,98785.0,,,
,0.38,0.38,2014-04-08,0.385,0.375,0.385,281126.0,,,
,0.375,0.375,2014-04-09,0.38,0.375,0.38,157198.0,,,
,0.395,0.395,2014-04-10,0.415,0.37,0.38,678757.0,,,
,0.375,0.375,2014-04-11,0.395,0.375,0.395,222529.0,,,
,0.37,0.37,2014-04-14,0.385,0.37,0.38,202896.0,,,
,0.36,0.36,2014-04-15,0.38,0.36,0.37,469967.0,,,
,0.36,0.36,2014-04-16,0.375,0.36,0.375,190388.0,,,
,0.355,0.355,2014-04-17,0.37,0.355,0.365,224908.0,,,
,0.365,0.365,2014-04-22,0.375,0.355,0.355,141239.0,,,
,0.36,0.36,2014-04-23,0.37,0.355,0.365,393018.0,,,
,0.365,0.365,2014-04-24,0.37,0.35,0.355,356124.0,,,
,0.375,0.375,2014-04-28,0.375,0.36,0.365,331534.0,,,
,0.375,0.375,2014-04-29,0.38,0.355,0.36,321754.0,,,
,0.37,0.37,2014-04-30,0.375,0.36,0.365,221503.0,,,
,0.355,0.355,2014-05-01,0.37,0.355,0.365,165631.0,,,
,0.37,0.37,2014-05-02,0.37,0.36,0.365,122354.0,,,
,0.395,0.395,2014-05-05,0.435,0.395,0.4,693472.0,,,
,0.38,0.38,2014-05-06,0.395,0.38,0.395,437190.0,,,
,0.355,0.355,2014-05-07,0.37,0.355,0.37,564948.0,,,
,0.35,0.35,2014-05-08,0.375,0.35,0.375,594982.0,,,
,0.36,0.36,2014-05-09,0.365,0.35,0.355,338060.0,,,
,0.36,0.36,2014-05-12,0.36,0.36,0.36,55000.0,,,
,0.355,0.355,2014-05-13,0.36,0.355,0.36,142472.0,,,
,0.355,0.355,2014-05-14,0.355,0.34,0.355,352593.0,,,
,0.36,0.36,2014-05-15,0.365,0.355,0.365,224236.0,,,
,0.355,0.355,2014-05-16,0.36,0.35,0.36,210020.0,,,
,0.36,0.36,2014-05-19,0.36,0.345,0.35,36688.0,,,
,0.345,0.345,2014-05-20,0.36,0.34,0.36,358137.0,,,
,0.34,0.34,2014-05-21,0.34,0.33,0.335,79767.0,,,
,0.34,0.34,2014-05-22,0.35,0.33,0.33,245706.0,,,
,0.345,0.345,2014-05-23,0.365,0.335,0.335,243179.0,,,
,0.33,0.33,2014-05-26,0.345,0.33,0.345,430539.0,,,
,0.325,0.325,2014-05-27,0.335,0.32,0.335,546260.0,,,
,0.335,0.335,2014-05-28,0.345,0.32,0.33,476333.0,,,
,0.36,0.36,2014-05-29,0.36,0.335,0.335,408126.0,,,
,0.355,0.355,2014-05-30,0.37,0.355,0.37,338713.0,,,
,0.35,0.35,2014-06-02,0.35,0.35,0.35,95456.0,,,
,0.38,0.38,2014-06-03,0.4,0.35,0.35,575546.0,,,
,0.4,0.4,2014-06-04,0.42,0.385,0.385,872360.0,,,
,0.4,0.4,2014-06-05,0.42,0.39,0.41,434600.0,,,
,0.395,0.395,2014-06-06,0.4,0.39,0.4,316660.0,,,
,0.43,0.43,2014-06-10,0.435,0.395,0.395,672915.0,,,
,0.405,0.405,2014-06-11,0.44,0.395,0.43,413744.0,,,
,0.405,0.405,2014-06-12,0.415,0.4,0.41,290791.0,,,
,0.4,0.4,2014-06-13,0.41,0.395,0.41,211927.0,,,
,0.39,0.39,2014-06-16,0.39,0.38,0.39,362121.0,,,
,0.41,0.41,2014-06-17,0.43,0.39,0.39,1420732.0,,,
,0.41,0.41,2014-06-18,0.44,0.41,0.425,658185.0,,,
,0.425,0.425,2014-06-19,0.43,0.405,0.42,543998.0,,,
,0.455,0.455,2014-06-20,0.455,0.43,0.43,553527.0,,,
,0.46,0.46,2014-06-23,0.475,0.46,0.47,757781.0,,,
,0.435,0.435,2014-06-24,0.47,0.43,0.47,445411.0,,,
,0.435,0.435,2014-06-25,0.445,0.43,0.445,479353.0,,,
,0.46,0.46,2014-06-26,0.46,0.445,0.445,252698.0,,,
,0.46,0.46,2014-06-27,0.47,0.45,0.47,162918.0,,,
,0.44,0.44,2014-06-30,0.45,0.43,0.45,316210.0,,,
,0.46,0.46,2014-07-01,0.465,0.45,0.46,235800.0,,,
,0.45,0.45,2014-07-02,0.46,0.45,0.455,156000.0,,,
,0.46,0.46,2014-07-03,0.465,0.455,0.465,102519.0,,,
,0.455,0.455,2014-07-04,0.48,0.455,0.465,574262.0,,,
,0.465,0.465,2014-07-07,0.47,0.45,0.46,207791.0,,,
,0.455,0.455,2014-07-08,0.48,0.44,0.47,819696.0,,,
,0.44,0.44,2014-07-09,0.45,0.435,0.45,170877.0,,,
,0.45,0.45,2014-07-10,0.465,0.45,0.45,193464.0,,,
,0.465,0.465,2014-07-11,0.465,0.45,0.45,601215.0,,,
,0.445,0.445,2014-07-14,0.46,0.445,0.46,235500.0,,,
,0.43,0.43,2014-07-15,0.45,0.43,0.45,446794.0,,,
,0.435,0.435,2014-07-16,0.435,0.425,0.43,149602.0,,,
,0.435,0.435,2014-07-17,0.44,0.435,0.435,168700.0,,,
,0.43,0.43,2014-07-18,0.435,0.425,0.435,104100.0,,,
,0.435,0.435,2014-07-21,0.44,0.425,0.43,184757.0,,,
,0.42,0.42,2014-07-22,0.44,0.42,0.44,786301.0,,,
,0.41,0.41,2014-07-23,0.42,0.41,0.41,519168.0,,,
,0.415,0.415,2014-07-24,0.42,0.405,0.41,225586.0,,,
,0.42,0.42,2014-07-25,0.42,0.41,0.415,148805.0,,,
,0.45,0.45,2014-07-28,0.465,0.425,0.425,1381341.0,,,
,0.44,0.44,2014-07-29,0.46,0.44,0.455,322924.0,,,
,0.43,0.43,2014-07-30,0.44,0.42,0.435,201220.0,,,
,0.435,0.435,2014-07-31,0.44,0.425,0.44,204752.0,,,
,0.44,0.44,2014-08-01,0.445,0.425,0.43,246966.0,,,
,0.46,0.46,2014-08-04,0.46,0.43,0.44,534532.0,,,
,0.45,0.45,2014-08-05,0.45,0.44,0.45,405254.0,,,
,0.43,0.43,2014-08-06,0.44,0.43,0.44,234044.0,,,
,0.435,0.435,2014-08-07,0.44,0.42,0.435,272678.0,,,
,0.42,0.42,2014-08-08,0.43,0.415,0.43,445739.0,,,
,0.425,0.425,2014-08-11,0.43,0.42,0.43,154817.0,,,
,0.425,0.425,2014-08-12,0.43,0.425,0.425,92022.0,,,
,0.43,0.43,2014-08-13,0.43,0.425,0.43,44420.0,,,
,0.45,0.45,2014-08-14,0.45,0.43,0.43,360880.0,,,
,0.465,0.465,2014-08-15,0.465,0.455,0.455,228134.0,,,
,0.48,0.48,2014-08-18,0.49,0.465,0.47,951122.0,,,
,0.45,0.45,2014-08-19,0.48,0.45,0.48,368264.0,,,
,0.47,0.47,2014-08-20,0.475,0.46,0.46,394765.0,,,
,0.455,0.455,2014-08-21,0.47,0.45,0.47,412834.0,,,
,0.49,0.49,2014-08-22,0.49,0.46,0.47,1222841.0,,,
,0.475,0.475,2014-08-25,0.495,0.47,0.49,544457.0,,,
,0.475,0.475,2014-08-26,0.5,0.475,0.48,229400.0,,,
,0.515,0.515,2014-08-27,0.515,0.49,0.49,806773.0,,,
,0.5,0.5,2014-08-28,0.51,0.49,0.5,571830.0,,,
,0.5,0.5,2014-08-29,0.51,0.48,0.5,929651.0,,,
,0.51,0.51,2014-09-01,0.515,0.5,0.51,190456.0,,,
,0.495,0.495,2014-09-02,0.515,0.495,0.515,240172.0,,,
,0.49,0.49,2014-09-03,0.49,0.465,0.49,641447.0,,,
,0.49,0.49,2014-09-04,0.505,0.485,0.49,513717.0,,,
,0.48,0.48,2014-09-05,0.5,0.48,0.5,153000.0,,,
,0.475,0.475,2014-09-08,0.48,0.47,0.48,363841.0,,,
,0.47,0.47,2014-09-09,0.48,0.465,0.48,304900.0,,,
,0.47,0.47,2014-09-10,0.485,0.46,0.48,477970.0,,,
,0.475,0.475,2014-09-11,0.475,0.46,0.465,215689.0,,,
,0.485,0.485,2014-09-12,0.485,0.475,0.48,93193.0,,,
,0.49,0.49,2014-09-15,0.5,0.48,0.495,1983464.0,,,
,0.535,0.535,2014-09-16,0.575,0.49,0.49,1735321.0,,,
,0.515,0.515,2014-09-17,0.565,0.515,0.54,909457.0,,,
,0.495,0.495,2014-09-18,0.525,0.495,0.52,563675.0,,,
,0.535,0.535,2014-09-19,0.55,0.5,0.5,2411415.0,,,
,0.5,0.5,2014-09-22,0.535,0.5,0.535,1342987.0,,,
,0.51,0.51,2014-09-23,0.525,0.505,0.51,987728.0,,,
,0.495,0.495,2014-09-24,0.51,0.495,0.51,636013.0,,,
,0.495,0.495,2014-09-25,0.505,0.4920000000000001,0.505,422918.0,,,
,0.505,0.505,2014-09-26,0.52,0.495,0.495,1068406.0,,,
,0.51,0.51,2014-09-29,0.51,0.5,0.51,359811.0,,,
,0.505,0.505,2014-09-30,0.54,0.505,0.52,705435.0,,,
,0.51,0.51,2014-10-01,0.52,0.5,0.5,678784.0,,,
,0.51,0.51,2014-10-02,0.53,0.51,0.52,660273.0,,,
,0.51,0.51,2014-10-03,0.525,0.5,0.52,845380.0,,,
,0.53,0.53,2014-10-05,0.555,0.515,0.515,624239.0,,,
,0.515,0.515,2014-10-06,0.54,0.51,0.535,653424.0,,,
,0.55,0.55,2014-10-07,0.555,0.525,0.525,1236427.0,,,
,0.56,0.56,2014-10-08,0.58,0.55,0.56,1256884.0,,,
,0.515,0.515,2014-10-09,0.545,0.51,0.545,1476288.0,,,
,0.5,0.5,2014-10-12,0.525,0.5,0.525,1863452.0,,,
,0.52,0.52,2014-10-13,0.52,0.5,0.5,1697800.0,,,
,0.5,0.5,2014-10-14,0.52,0.5,0.515,741185.0,,,
,0.5,0.5,2014-10-15,0.505,0.5,0.5,737002.0,,,
,0.515,0.515,2014-10-16,0.515,0.5,0.505,312963.0,,,
,0.505,0.505,2014-10-19,0.515,0.5,0.515,354882.0,,,
,0.51,0.51,2014-10-20,0.515,0.5,0.51,469342.0,,,
,0.51,0.51,2014-10-21,0.52,0.505,0.52,331208.0,,,
,0.505,0.505,2014-10-22,0.515,0.505,0.51,209544.0,,,
,0.515,0.515,2014-10-23,0.52,0.51,0.51,288286.0,,,
,0.52,0.52,2014-10-26,0.52,0.51,0.515,63958.0,,,
,0.505,0.505,2014-10-27,0.52,0.505,0.51,195255.0,,,
,0.505,0.505,2014-10-28,0.51,0.505,0.51,104323.0,,,
,0.51,0.51,2014-10-29,0.52,0.51,0.51,280464.0,,,
,0.5,0.5,2014-10-30,0.52,0.5,0.52,933152.0,,,
,0.5,0.5,2014-11-02,0.505,0.5,0.505,819468.0,,,
,0.47,0.47,2014-11-03,0.5,0.47,0.5,634808.0,,,
,0.485,0.485,2014-11-04,0.485,0.465,0.47,190205.0,,,
,0.45,0.45,2014-11-05,0.485,0.45,0.485,651022.0,,,
,0.42,0.42,2014-11-06,0.455,0.42,0.455,832419.0,,,
,0.43,0.43,2014-11-09,0.44,0.41,0.43,512382.0,,,
,0.435,0.435,2014-11-10,0.45,0.43,0.44,157833.0,,,
,0.47,0.47,2014-11-11,0.47,0.44,0.44,282010.0,,,
,0.5,0.5,2014-11-12,0.51,0.48,0.49,1414961.0,,,
,0.49,0.49,2014-11-13,0.53,0.49,0.515,660587.0,,,
,0.49,0.49,2014-11-16,0.51,0.49,0.51,328881.0,,,
,0.455,0.455,2014-11-17,0.495,0.455,0.49,806990.0,,,
,0.47,0.47,2014-11-18,0.48,0.46,0.465,339225.0,,,
,0.47,0.47,2014-11-19,0.475,0.45,0.475,762712.0,,,
,0.49,0.49,2014-11-20,0.5,0.47,0.47,326032.0,,,
,0.47,0.47,2014-11-23,0.5,0.47,0.5,130187.0,,,
,0.47,0.47,2014-11-24,0.48,0.465,0.48,122484.0,,,
,0.48,0.48,2014-11-25,0.49,0.465,0.47,189454.0,,,
,0.475,0.475,2014-11-26,0.485,0.475,0.48,63513.0,,,
,0.45,0.45,2014-11-27,0.465,0.445,0.465,869474.0,,,
,0.41,0.41,2014-11-30,0.45,0.4,0.45,659426.0,,,
,0.39,0.39,2014-12-01,0.41,0.385,0.41,280121.0,,,
,0.395,0.395,2014-12-02,0.41,0.395,0.395,504062.0,,,
,0.38,0.38,2014-12-03,0.42,0.365,0.42,478941.0,,,
,0.37,0.37,2014-12-04,0.39,0.33,0.375,526732.0,,,
,0.36,0.36,2014-12-07,0.37,0.35,0.365,89417.0,,,
,0.32,0.32,2014-12-08,0.365,0.315,0.365,346935.0,,,
,0.33,0.33,2014-12-09,0.35,0.3,0.31,1098227.0,,,
,0.31,0.31,2014-12-10,0.315,0.285,0.295,705833.0,,,
,0.3,0.3,2014-12-11,0.315,0.3,0.3,464256.0,,,
,0.32,0.32,2014-12-14,0.32,0.31,0.31,210382.0,,,
,0.32,0.32,2014-12-15,0.32,0.32,0.32,0.0,,,
,0.365,0.365,2014-12-16,0.385,0.33,0.33,862427.0,,,
,0.375,0.375,2014-12-17,0.38,0.37,0.38,1247188.0,,,
,0.355,0.355,2014-12-18,0.39,0.355,0.38,1022199.0,,,
,0.36,0.36,2014-12-21,0.375,0.355,0.37,149425.0,,,
,0.345,0.345,2014-12-22,0.37,0.345,0.36,204647.0,,,
,0.345,0.345,2014-12-23,0.35,0.34,0.35,164958.0,,,
,0.365,0.365,2014-12-28,0.365,0.345,0.345,175740.0,,,
,0.36,0.36,2014-12-29,0.36,0.35,0.36,58834.0,,,
,0.35,0.35,2014-12-30,0.365,0.345,0.36,184200.0,,,
,0.35,0.35,2015-01-01,0.365,0.35,0.35,54178.0,,,
,0.385,0.385,2015-01-04,0.41,0.35700000000000004,0.365,307145.0,,,
,0.385,0.385,2015-01-05,0.4,0.37,0.385,191347.0,,,
,0.365,0.365,2015-01-06,0.395,0.36,0.395,683197.0,,,
,0.35,0.35,2015-01-07,0.365,0.35,0.365,454869.0,,,
,0.365,0.365,2015-01-08,0.365,0.35,0.36,137902.0,,,
,0.39,0.39,2015-01-11,0.395,0.375,0.375,526525.0,,,
,0.435,0.435,2015-01-12,0.48,0.405,0.405,1728480.0,,,
,0.47,0.47,2015-01-13,0.48,0.45,0.47,1831802.0,,,
,0.49,0.49,2015-01-14,0.49,0.465,0.485,1214975.0,,,
,0.465,0.465,2015-01-15,0.495,0.46,0.495,1435266.0,,,
,0.48,0.48,2015-01-18,0.49,0.465,0.47,816655.0,,,
,0.48,0.48,2015-01-19,0.49,0.47,0.485,538360.0,,,
,0.475,0.475,2015-01-20,0.49,0.465,0.49,478854.0,,,
,0.47,0.47,2015-01-21,0.47,0.465,0.47,211768.0,,,
,0.45,0.45,2015-01-22,0.46,0.43,0.46,689035.0,,,
,0.455,0.455,2015-01-26,0.465,0.45,0.45,341269.0,,,
,0.435,0.435,2015-01-27,0.455,0.425,0.45,783273.0,,,
,0.425,0.425,2015-01-28,0.44,0.425,0.44,455536.0,,,
,0.435,0.435,2015-01-29,0.435,0.41,0.43,861070.0,,,
,0.43,0.43,2015-02-01,0.455,0.43,0.45,386917.0,,,
,0.42,0.42,2015-02-02,0.44,0.42,0.44,565918.0,,,
,0.42,0.42,2015-02-03,0.43,0.415,0.42,662716.0,,,
,0.42,0.42,2015-02-04,0.425,0.42,0.42,290840.0,,,
,0.43,0.43,2015-02-05,0.44,0.425,0.425,524565.0,,,
,0.41,0.41,2015-02-08,0.44,0.4,0.425,1351757.0,,,
,0.405,0.405,2015-02-09,0.41700000000000004,0.405,0.405,245763.0,,,
,0.405,0.405,2015-02-10,0.405,0.405,0.405,0.0,,,
,0.405,0.405,2015-02-11,0.405,0.405,0.405,0.0,,,
,0.385,0.385,2015-02-12,0.395,0.365,0.38,1541827.0,,,
,0.43,0.43,2015-02-15,0.435,0.39,0.4,923671.0,,,
,0.405,0.405,2015-02-16,0.425,0.395,0.425,690986.0,,,
,0.4,0.4,2015-02-17,0.415,0.4,0.41,393858.0,,,
,0.425,0.425,2015-02-18,0.45,0.4,0.41,816002.0,,,
,0.435,0.435,2015-02-19,0.455,0.435,0.45,1466567.0,,,
,0.43,0.43,2015-02-22,0.455,0.43,0.445,888784.0,,,
,0.41,0.41,2015-02-23,0.435,0.41,0.435,495985.0,,,
,0.405,0.405,2015-02-24,0.42,0.405,0.41,743026.0,,,
,0.395,0.395,2015-02-25,0.405,0.395,0.405,715706.0,,,
,0.39,0.39,2015-02-26,0.405,0.385,0.4,697160.0,,,
,0.385,0.385,2015-03-01,0.405,0.385,0.405,465134.0,,,
,0.4,0.4,2015-03-02,0.4,0.385,0.4,650139.0,,,
,0.405,0.405,2015-03-03,0.42,0.395,0.395,327226.0,,,
,0.4,0.4,2015-03-04,0.405,0.4,0.405,248931.0,,,
,0.405,0.405,2015-03-05,0.415,0.405,0.41,436846.0,,,
,0.395,0.395,2015-03-08,0.41,0.395,0.41,236654.0,,,
,0.395,0.395,2015-03-09,0.405,0.39,0.4,211707.0,,,
,0.39,0.39,2015-03-10,0.4,0.39,0.4,298105.0,,,
,0.37,0.37,2015-03-11,0.39,0.37,0.39,680808.0,,,
,0.38,0.38,2015-03-12,0.39,0.37,0.38,171177.0,,,
,0.38,0.38,2015-03-15,0.385,0.375,0.38,162923.0,,,
,0.39,0.39,2015-03-16,0.395,0.385,0.385,313573.0,,,
,0.39,0.39,2015-03-17,0.395,0.385,0.39,299669.0,,,
,0.38,0.38,2015-03-18,0.39,0.38,0.39,635544.0,,,
,0.38,0.38,2015-03-19,0.385,0.375,0.38,503999.0,,,
,0.38,0.38,2015-03-22,0.39,0.38,0.38,549579.0,,,
,0.385,0.385,2015-03-23,0.39,0.385,0.385,139545.0,,,
,0.43,0.43,2015-03-24,0.435,0.39,0.395,1923784.0,,,
,0.43,0.43,2015-03-25,0.45,0.43,0.44,1367530.0,,,
,0.43,0.43,2015-03-26,0.445,0.43,0.435,754451.0,,,
,0.42,0.42,2015-03-29,0.425,0.41,0.42,437025.0,,,
,0.42,0.42,2015-03-30,0.42,0.41,0.42,162366.0,,,
,0.415,0.415,2015-03-31,0.42,0.41,0.42,361982.0,,,
,0.45,0.45,2015-04-01,0.45,0.42,0.42,794215.0,,,
,0.45,0.45,2015-04-07,0.465,0.45,0.45,622190.0,,,
,0.435,0.435,2015-04-08,0.46,0.43,0.455,296608.0,,,
,0.43,0.43,2015-04-09,0.435,0.425,0.435,256876.0,,,
,0.435,0.435,2015-04-10,0.44,0.42,0.43,250537.0,,,
,0.425,0.425,2015-04-13,0.435,0.42,0.435,229096.0,,,
,0.425,0.425,2015-04-14,0.425,0.42,0.425,77713.0,,,
,0.425,0.425,2015-04-15,0.43,0.42,0.42,164293.0,,,
,0.43,0.43,2015-04-16,0.44,0.42,0.43,432584.0,,,
,0.415,0.415,2015-04-17,0.435,0.415,0.42,941429.0,,,
,0.425,0.425,2015-04-20,0.425,0.41,0.415,160245.0,,,
,0.435,0.435,2015-04-21,0.435,0.425,0.43,243361.0,,,
,0.46,0.46,2015-04-22,0.47,0.435,0.435,1207069.0,,,
,0.46,0.46,2015-04-23,0.465,0.46,0.46,696637.0,,,
,0.475,0.475,2015-04-24,0.475,0.46,0.465,507177.0,,,
,0.48,0.48,2015-04-27,0.485,0.47,0.475,603322.0,,,
,0.465,0.465,2015-04-28,0.48,0.46,0.48,593013.0,,,
,0.455,0.455,2015-04-29,0.465,0.445,0.465,291555.0,,,
,0.45,0.45,2015-04-30,0.46,0.445,0.46,183566.0,,,
,0.45,0.45,2015-05-01,0.45,0.44,0.45,144153.0,,,
,0.445,0.445,2015-05-04,0.455,0.445,0.45,248811.0,,,
,0.445,0.445,2015-05-05,0.45,0.445,0.45,239002.0,,,
,0.44,0.44,2015-05-06,0.45,0.44,0.45,291226.0,,,
,0.435,0.435,2015-05-07,0.44,0.43,0.435,159613.0,,,
,0.435,0.435,2015-05-08,0.445,0.435,0.44,154186.0,,,
,0.43,0.43,2015-05-11,0.44,0.425,0.44,195706.0,,,
,0.425,0.425,2015-05-12,0.44,0.42,0.43,618948.0,,,
,0.42,0.42,2015-05-13,0.435,0.42,0.435,592965.0,,,
,0.42,0.42,2015-05-14,0.42,0.415,0.42,436705.0,,,
,0.4,0.4,2015-05-15,0.42,0.39,0.42,765331.0,,,
,0.41,0.41,2015-05-18,0.42,0.395,0.415,399332.0,,,
,0.405,0.405,2015-05-19,0.41,0.395,0.41,93789.0,,,
,0.415,0.415,2015-05-20,0.415,0.405,0.415,205671.0,,,
,0.415,0.415,2015-05-21,0.42,0.415,0.42,191720.0,,,
,0.425,0.425,2015-05-22,0.425,0.415,0.42,237345.0,,,
,0.435,0.435,2015-05-25,0.44,0.425,0.435,395596.0,,,
,0.44,0.44,2015-05-26,0.445,0.425,0.435,300189.0,,,
,0.445,0.445,2015-05-27,0.45,0.44,0.44,289371.0,,,
,0.445,0.445,2015-05-28,0.45,0.44,0.44,300280.0,,,
,0.455,0.455,2015-05-29,0.455,0.44,0.45,274821.0,,,
,0.475,0.475,2015-06-01,0.475,0.435,0.465,1138228.0,,,
,0.46,0.46,2015-06-02,0.48,0.45,0.48,561004.0,,,
,0.43,0.43,2015-06-03,0.45,0.42,0.45,1158265.0,,,
,0.435,0.435,2015-06-04,0.44,0.425,0.435,419014.0,,,
,0.415,0.415,2015-06-05,0.44,0.415,0.435,670695.0,,,
,0.385,0.385,2015-06-09,0.42,0.375,0.415,1264073.0,,,
,0.39,0.39,2015-06-10,0.395,0.38,0.39,367984.0,,,
,0.39,0.39,2015-06-11,0.39,0.385,0.39,210058.0,,,
,0.38,0.38,2015-06-12,0.395,0.375,0.395,511705.0,,,
,0.32,0.32,2015-06-15,0.375,0.275,0.375,2317324.0,,,
,0.325,0.325,2015-06-16,0.335,0.315,0.325,937263.0,,,
,0.325,0.325,2015-06-17,0.33,0.305,0.325,977877.0,,,
,0.31,0.31,2015-06-18,0.32,0.3,0.32,624506.0,,,
,0.295,0.295,2015-06-19,0.305,0.28,0.305,814672.0,,,
,0.3,0.3,2015-06-22,0.31,0.3,0.3,455712.0,,,
,0.32,0.32,2015-06-23,0.32,0.305,0.31,364115.0,,,
,0.31,0.31,2015-06-24,0.32,0.31,0.315,257330.0,,,
,0.3,0.3,2015-06-25,0.31,0.3,0.31,262562.0,,,
,0.305,0.305,2015-06-26,0.31,0.295,0.31,259731.0,,,
,0.28,0.28,2015-06-29,0.3,0.28,0.3,920249.0,,,
,0.28,0.28,2015-06-30,0.3,0.275,0.28,825969.0,,,
,0.305,0.305,2015-07-01,0.305,0.29,0.29,243031.0,,,
,0.325,0.325,2015-07-02,0.345,0.305,0.305,941639.0,,,
,0.31,0.31,2015-07-03,0.335,0.31,0.335,238778.0,,,
,0.305,0.305,2015-07-06,0.315,0.305,0.31,168551.0,,,
,0.29,0.29,2015-07-07,0.3,0.29,0.3,279202.0,,,
,0.28,0.28,2015-07-08,0.295,0.28,0.29,654963.0,,,
,0.28,0.28,2015-07-09,0.29,0.275,0.28,342131.0,,,
,0.285,0.285,2015-07-10,0.285,0.28,0.28,157801.0,,,
,0.265,0.265,2015-07-13,0.29,0.265,0.29,954337.0,,,
,0.245,0.245,2015-07-14,0.27,0.225,0.27,1484438.0,,,
,0.275,0.275,2015-07-15,0.275,0.25,0.25,502257.0,,,
,0.275,0.275,2015-07-16,0.275,0.27,0.275,275981.0,,,
,0.265,0.265,2015-07-17,0.28,0.26,0.275,756127.0,,,
,0.27,0.27,2015-07-20,0.275,0.265,0.27,256511.0,,,
,0.26,0.26,2015-07-21,0.275,0.25,0.275,436527.0,,,
,0.26,0.26,2015-07-22,0.27,0.255,0.26,314614.0,,,
,0.26,0.26,2015-07-23,0.265,0.255,0.265,292190.0,,,
,0.26,0.26,2015-07-24,0.27,0.245,0.26,450040.0,,,
,0.26,0.26,2015-07-27,0.26,0.26,0.26,0.0,,,
,0.12,0.12,2015-07-28,0.14,0.11,0.13,8154840.0,,,
,0.165,0.165,2015-07-29,0.175,0.145,0.15,2984626.0,,,
,0.155,0.155,2015-07-30,0.175,0.155,0.175,1039058.0,,,
,0.155,0.155,2015-07-31,0.155,0.15,0.155,605707.0,,,
,0.15,0.15,2015-08-03,0.16,0.15,0.16,434061.0,,,
,0.135,0.135,2015-08-04,0.145,0.13,0.145,571634.0,,,
,0.13,0.13,2015-08-05,0.13,0.125,0.13,616400.0,,,
,0.125,0.125,2015-08-06,0.16,0.125,0.13,869142.0,,,
,0.135,0.135,2015-08-07,0.14,0.13,0.13,474452.0,,,
,0.13,0.13,2015-08-10,0.14,0.13,0.14,316764.0,,,
,0.071,0.071,2015-08-11,0.09,0.069,0.09,7687695.0,,,
,0.055999999999999994,0.055999999999999994,2015-08-12,0.067,0.055,0.065,5719097.0,,,
,0.057999999999999996,0.057999999999999996,2015-08-13,0.059000000000000004,0.055,0.057999999999999996,1817067.0,,,
,0.057,0.057,2015-08-14,0.061,0.055999999999999994,0.059000000000000004,1420197.0,,,
,0.055999999999999994,0.055999999999999994,2015-08-17,0.057999999999999996,0.053,0.057,1910166.0,,,
,0.052000000000000005,0.052000000000000005,2015-08-18,0.055,0.052000000000000005,0.055,1828561.0,,,
,0.052000000000000005,0.052000000000000005,2015-08-19,0.054000000000000006,0.052000000000000005,0.052000000000000005,614870.0,,,
,0.054000000000000006,0.054000000000000006,2015-08-20,0.054000000000000006,0.052000000000000005,0.052000000000000005,785793.0,,,
,0.053,0.053,2015-08-21,0.055,0.052000000000000005,0.052000000000000005,983598.0,,,
,0.05,0.05,2015-08-24,0.052000000000000005,0.049,0.052000000000000005,1371219.0,,,
,0.047,0.047,2015-08-25,0.049,0.04,0.049,1273395.0,,,
,0.047,0.047,2015-08-26,0.048,0.047,0.047,300485.0,,,
,0.048,0.048,2015-08-27,0.049,0.048,0.048,399038.0,,,
,0.051,0.051,2015-08-28,0.052000000000000005,0.05,0.05,675336.0,,,
,0.05,0.05,2015-08-31,0.052000000000000005,0.05,0.052000000000000005,682231.0,,,
,0.047,0.047,2015-09-01,0.052000000000000005,0.047,0.052000000000000005,395821.0,,,
,0.046,0.046,2015-09-02,0.048,0.045,0.047,566808.0,,,
,0.045,0.045,2015-09-03,0.047,0.045,0.046,53155.0,,,
,0.047,0.047,2015-09-04,0.048,0.046,0.046,70668.0,,,
,0.048,0.048,2015-09-07,0.049,0.045,0.046,318437.0,,,
,0.047,0.047,2015-09-08,0.049,0.047,0.048,152598.0,,,
,0.048,0.048,2015-09-09,0.048,0.047,0.047,454180.0,,,
,0.052000000000000005,0.052000000000000005,2015-09-10,0.052000000000000005,0.049,0.049,554600.0,,,
,0.057,0.057,2015-09-11,0.057999999999999996,0.054000000000000006,0.055,1673959.0,,,
,0.057999999999999996,0.057999999999999996,2015-09-14,0.064,0.057999999999999996,0.059000000000000004,965052.0,,,
,0.055,0.055,2015-09-15,0.057999999999999996,0.055,0.057999999999999996,221327.0,,,
,0.057,0.057,2015-09-16,0.057,0.055999999999999994,0.057,101386.0,,,
,0.057999999999999996,0.057999999999999996,2015-09-17,0.057999999999999996,0.057,0.057,188300.0,,,
,0.065,0.065,2015-09-18,0.069,0.06,0.06,597499.0,,,
,0.063,0.063,2015-09-21,0.067,0.063,0.064,311885.0,,,
,0.071,0.071,2015-09-22,0.073,0.065,0.065,647754.0,,,
,0.067,0.067,2015-09-23,0.07,0.066,0.07,747749.0,,,
,0.068,0.068,2015-09-24,0.069,0.066,0.069,148260.0,,,
,0.069,0.069,2015-09-25,0.069,0.068,0.068,215309.0,,,
,0.064,0.064,2015-09-28,0.066,0.061,0.066,1218047.0,,,
,0.061,0.061,2015-09-29,0.063,0.061,0.063,486102.0,,,
,0.055,0.055,2015-09-30,0.061,0.055,0.061,229719.0,,,
,0.06,0.06,2015-10-01,0.06,0.06,0.06,26987.0,,,
,0.057,0.057,2015-10-02,0.06,0.057,0.06,162500.0,,,
,0.055999999999999994,0.055999999999999994,2015-10-04,0.059000000000000004,0.055999999999999994,0.059000000000000004,295000.0,,,
,0.057,0.057,2015-10-05,0.059000000000000004,0.057,0.057,291609.0,,,
,0.057,0.057,2015-10-06,0.06,0.055999999999999994,0.06,397098.0,,,
,0.055,0.055,2015-10-07,0.057,0.055,0.057,15160.0,,,
,0.055999999999999994,0.055999999999999994,2015-10-08,0.055999999999999994,0.055999999999999994,0.055999999999999994,14303.0,,,
,0.057,0.057,2015-10-11,0.06,0.057,0.06,167023.0,,,
,0.057999999999999996,0.057999999999999996,2015-10-12,0.059000000000000004,0.057999999999999996,0.057999999999999996,202680.0,,,
,0.055999999999999994,0.055999999999999994,2015-10-13,0.057,0.055,0.057,220619.0,,,
,0.055999999999999994,0.055999999999999994,2015-10-14,0.055999999999999994,0.055,0.055999999999999994,311464.0,,,
,0.055,0.055,2015-10-15,0.055999999999999994,0.055,0.055999999999999994,85100.0,,,
,0.055,0.055,2015-10-18,0.059000000000000004,0.055,0.055999999999999994,122630.0,,,
,0.054000000000000006,0.054000000000000006,2015-10-19,0.055,0.054000000000000006,0.055,375698.0,,,
,0.052000000000000005,0.052000000000000005,2015-10-20,0.054000000000000006,0.052000000000000005,0.054000000000000006,84246.0,,,
,0.054000000000000006,0.054000000000000006,2015-10-21,0.054000000000000006,0.054000000000000006,0.054000000000000006,13965.0,,,
,0.054000000000000006,0.054000000000000006,2015-10-22,0.057999999999999996,0.054000000000000006,0.055999999999999994,184304.0,,,
,0.055999999999999994,0.055999999999999994,2015-10-25,0.055999999999999994,0.055,0.055,47499.0,,,
,0.054000000000000006,0.054000000000000006,2015-10-26,0.055999999999999994,0.054000000000000006,0.055999999999999994,79144.0,,,
,0.052000000000000005,0.052000000000000005,2015-10-27,0.054000000000000006,0.052000000000000005,0.054000000000000006,173155.0,,,
,0.051,0.051,2015-10-28,0.052000000000000005,0.051,0.052000000000000005,101023.0,,,
,0.048,0.048,2015-10-29,0.051,0.048,0.051,200498.0,,,
,0.053,0.053,2015-11-01,0.053,0.049,0.049,230479.0,,,
,0.053,0.053,2015-11-02,0.053,0.053,0.053,0.0,,,
,0.053,0.053,2015-11-03,0.053,0.053,0.053,40904.0,,,
,0.051,0.051,2015-11-04,0.053,0.051,0.053,59000.0,,,
,0.052000000000000005,0.052000000000000005,2015-11-05,0.052000000000000005,0.051,0.052000000000000005,171508.0,,,
,0.051,0.051,2015-11-08,0.051,0.05,0.051,219252.0,,,
,0.05,0.05,2015-11-09,0.052000000000000005,0.05,0.051,269122.0,,,
,0.05,0.05,2015-11-10,0.05,0.05,0.05,0.0,,,
,0.05,0.05,2015-11-11,0.052000000000000005,0.05,0.051,505742.0,,,
,0.049,0.049,2015-11-12,0.05,0.049,0.05,245278.0,,,
,0.049,0.049,2015-11-15,0.049,0.049,0.049,340680.0,,,
,0.05,0.05,2015-11-16,0.05,0.05,0.05,86197.0,,,
,0.05,0.05,2015-11-17,0.05,0.05,0.05,0.0,,,
,0.049,0.049,2015-11-18,0.05,0.049,0.05,313647.0,,,
,0.049,0.049,2015-11-19,0.049,0.049,0.049,5000.0,,,
,0.051,0.051,2015-11-22,0.051,0.049,0.049,252915.0,,,
,0.049,0.049,2015-11-23,0.049,0.049,0.049,40494.0,,,
,0.05,0.05,2015-11-24,0.05,0.049,0.049,92795.0,,,
,0.049,0.049,2015-11-25,0.05,0.049,0.049,296995.0,,,
,0.047,0.047,2015-11-26,0.048,0.047,0.048,161023.0,,,
,0.046,0.046,2015-11-29,0.047,0.046,0.047,131947.0,,,
,0.048,0.048,2015-11-30,0.048,0.046,0.046,31622.0,,,
,0.045,0.045,2015-12-01,0.046,0.045,0.046,117338.0,,,
,0.044000000000000004,0.044000000000000004,2015-12-02,0.044000000000000004,0.043,0.043,79827.0,,,
,0.044000000000000004,0.044000000000000004,2015-12-03,0.044000000000000004,0.044000000000000004,0.044000000000000004,20985.0,,,
,0.043,0.043,2015-12-06,0.044000000000000004,0.043,0.044000000000000004,168842.0,,,
,0.043,0.043,2015-12-07,0.044000000000000004,0.043,0.044000000000000004,256048.0,,,
,0.042,0.042,2015-12-08,0.043,0.042,0.043,37500.0,,,
,0.04,0.04,2015-12-09,0.04,0.04,0.04,40000.0,,,
,0.036000000000000004,0.036000000000000004,2015-12-10,0.04,0.036000000000000004,0.04,48655.0,,,
,0.036000000000000004,0.036000000000000004,2015-12-13,0.039,0.036000000000000004,0.036000000000000004,105942.0,,,
,0.036000000000000004,0.036000000000000004,2015-12-14,0.037000000000000005,0.036000000000000004,0.037000000000000005,94000.0,,,
,0.036000000000000004,0.036000000000000004,2015-12-15,0.037000000000000005,0.036000000000000004,0.036000000000000004,502822.0,,,
,0.035,0.035,2015-12-16,0.036000000000000004,0.035,0.036000000000000004,307344.0,,,
,0.036000000000000004,0.036000000000000004,2015-12-17,0.036000000000000004,0.035,0.035,5446.0,,,
,0.034,0.034,2015-12-20,0.034,0.034,0.034,281996.0,,,
,0.034,0.034,2015-12-21,0.034,0.034,0.034,215500.0,,,
,0.03,0.03,2015-12-22,0.033,0.03,0.033,518000.0,,,
,0.03,0.03,2015-12-23,0.03,0.03,0.03,0.0,,,
,0.03,0.03,2015-12-27,0.03,0.03,0.03,0.0,,,
,0.033,0.033,2015-12-28,0.034,0.031,0.031,92000.0,,,
,0.03,0.03,2015-12-29,0.033,0.03,0.033,369375.0,,,
,0.03,0.03,2015-12-30,0.031,0.027999999999999997,0.03,1626532.0,,,
,0.031,0.031,2016-01-03,0.032,0.03,0.03,129250.0,,,
,0.031,0.031,2016-01-04,0.032,0.031,0.032,199249.0,,,
,0.031,0.031,2016-01-05,0.032,0.031,0.032,422347.0,,,
,0.03,0.03,2016-01-06,0.031,0.03,0.031,250766.0,,,
,0.03,0.03,2016-01-07,0.03,0.03,0.03,0.0,,,
,0.032,0.032,2016-01-10,0.032,0.03,0.03,43202.0,,,
,0.03,0.03,2016-01-11,0.03,0.03,0.03,57500.0,,,
,0.03,0.03,2016-01-12,0.03,0.03,0.03,391188.0,,,
,0.028999999999999998,0.028999999999999998,2016-01-13,0.03,0.028999999999999998,0.03,255000.0,,,
,0.033,0.033,2016-01-14,0.033,0.033,0.033,18183.0,,,
,0.03,0.03,2016-01-17,0.033,0.03,0.033,16343.0,,,
,0.03,0.03,2016-01-18,0.032,0.03,0.032,47978.0,,,
,0.03,0.03,2016-01-19,0.03,0.03,0.03,42470.0,,,
,0.028999999999999998,0.028999999999999998,2016-01-20,0.03,0.028999999999999998,0.03,296573.0,,,
,0.027999999999999997,0.027999999999999997,2016-01-21,0.028999999999999998,0.027999999999999997,0.028999999999999998,347570.0,,,
,0.03,0.03,2016-01-24,0.03,0.03,0.03,187104.0,,,
,0.03,0.03,2016-01-26,0.03,0.03,0.03,166666.0,,,
,0.03,0.03,2016-01-27,0.03,0.03,0.03,0.0,,,
,0.03,0.03,2016-01-28,0.03,0.03,0.03,0.0,,,
,0.03,0.03,2016-01-31,0.03,0.03,0.03,57429.0,,,
,0.03,0.03,2016-02-01,0.03,0.03,0.03,156667.0,,,
,0.03,0.03,2016-02-02,0.035,0.03,0.032,270000.0,,,
,0.03,0.03,2016-02-03,0.03,0.03,0.03,0.0,,,
,0.031,0.031,2016-02-04,0.031,0.031,0.031,19100.0,,,
,0.031,0.031,2016-02-07,0.031,0.031,0.031,0.0,,,
,0.03,0.03,2016-02-08,0.03,0.03,0.03,209095.0,,,
,0.03,0.03,2016-02-09,0.031,0.03,0.031,45000.0,,,
,0.03,0.03,2016-02-10,0.03,0.03,0.03,0.0,,,
,0.03,0.03,2016-02-11,0.03,0.03,0.03,0.0,,,
,0.03,0.03,2016-02-14,0.03,0.03,0.03,0.0,,,
,0.027000000000000003,0.027000000000000003,2016-02-15,0.027000000000000003,0.026000000000000002,0.026000000000000002,375410.0,,,
,0.027000000000000003,0.027000000000000003,2016-02-16,0.027999999999999997,0.027000000000000003,0.027000000000000003,113322.0,,,
,0.027000000000000003,0.027000000000000003,2016-02-17,0.027000000000000003,0.027000000000000003,0.027000000000000003,1112.0,,,
,0.027000000000000003,0.027000000000000003,2016-02-18,0.027000000000000003,0.027000000000000003,0.027000000000000003,13000.0,,,
,0.03,0.03,2016-02-21,0.031,0.027999999999999997,0.027999999999999997,242920.0,,,
,0.027999999999999997,0.027999999999999997,2016-02-22,0.027999999999999997,0.027000000000000003,0.027999999999999997,661706.0,,,
,0.027000000000000003,0.027000000000000003,2016-02-23,0.027999999999999997,0.026000000000000002,0.026000000000000002,878694.0,,,
,0.027000000000000003,0.027000000000000003,2016-02-24,0.027000000000000003,0.027000000000000003,0.027000000000000003,99000.0,,,
,0.026000000000000002,0.026000000000000002,2016-02-25,0.026000000000000002,0.026000000000000002,0.026000000000000002,51239.0,,,
,0.027999999999999997,0.027999999999999997,2016-02-28,0.027999999999999997,0.026000000000000002,0.026000000000000002,53559.0,,,
,0.026000000000000002,0.026000000000000002,2016-02-29,0.026000000000000002,0.026000000000000002,0.026000000000000002,100174.0,,,
,0.027000000000000003,0.027000000000000003,2016-03-01,0.027000000000000003,0.027000000000000003,0.027000000000000003,236044.0,,,
,0.027000000000000003,0.027000000000000003,2016-03-02,0.027999999999999997,0.027000000000000003,0.027000000000000003,312757.0,,,
,0.027000000000000003,0.027000000000000003,2016-03-03,0.027000000000000003,0.027000000000000003,0.027000000000000003,300144.0,,,
,0.027000000000000003,0.027000000000000003,2016-03-06,0.027000000000000003,0.027000000000000003,0.027000000000000003,160834.0,,,
,0.026000000000000002,0.026000000000000002,2016-03-07,0.026000000000000002,0.026000000000000002,0.026000000000000002,444484.0,,,
,0.026000000000000002,0.026000000000000002,2016-03-08,0.026000000000000002,0.026000000000000002,0.026000000000000002,69606.0,,,
,0.027000000000000003,0.027000000000000003,2016-03-09,0.027999999999999997,0.027000000000000003,0.027000000000000003,61000.0,,,
,0.026000000000000002,0.026000000000000002,2016-03-10,0.027000000000000003,0.026000000000000002,0.027000000000000003,92533.0,,,
,0.027000000000000003,0.027000000000000003,2016-03-13,0.027000000000000003,0.026000000000000002,0.026000000000000002,46970.0,,,
,0.027000000000000003,0.027000000000000003,2016-03-14,0.027000000000000003,0.027000000000000003,0.027000000000000003,9517.0,,,
,0.027000000000000003,0.027000000000000003,2016-03-15,0.027000000000000003,0.027000000000000003,0.027000000000000003,80000.0,,,
,0.027000000000000003,0.027000000000000003,2016-03-16,0.027000000000000003,0.027000000000000003,0.027000000000000003,0.0,,,
,0.026000000000000002,0.026000000000000002,2016-03-17,0.027000000000000003,0.026000000000000002,0.027000000000000003,299504.0,,,
,0.027000000000000003,0.027000000000000003,2016-03-20,0.028999999999999998,0.026000000000000002,0.026000000000000002,113923.0,,,
,0.026000000000000002,0.026000000000000002,2016-03-21,0.027999999999999997,0.026000000000000002,0.027999999999999997,462018.0,,,
,0.026000000000000002,0.026000000000000002,2016-03-22,0.026000000000000002,0.026000000000000002,0.026000000000000002,770591.0,,,
,0.027000000000000003,0.027000000000000003,2016-03-23,0.027000000000000003,0.027000000000000003,0.027000000000000003,15000.0,,,
,0.027999999999999997,0.027999999999999997,2016-03-28,0.027999999999999997,0.026000000000000002,0.027000000000000003,205834.0,,,
,0.027000000000000003,0.027000000000000003,2016-03-29,0.027999999999999997,0.027000000000000003,0.027999999999999997,226566.0,,,
,0.027000000000000003,0.027000000000000003,2016-03-30,0.027000000000000003,0.027000000000000003,0.027000000000000003,35537.0,,,
,0.027000000000000003,0.027000000000000003,2016-03-31,0.027000000000000003,0.027000000000000003,0.027000000000000003,510652.0,,,
,0.027000000000000003,0.027000000000000003,2016-04-04,0.027000000000000003,0.027000000000000003,0.027000000000000003,39607.0,,,
,0.027000000000000003,0.027000000000000003,2016-04-05,0.027000000000000003,0.027000000000000003,0.027000000000000003,74234.0,,,
,0.027000000000000003,0.027000000000000003,2016-04-06,0.027000000000000003,0.026000000000000002,0.026000000000000002,211748.0,,,
,0.03,0.03,2016-04-07,0.03,0.027000000000000003,0.027000000000000003,200726.0,,,
,0.03,0.03,2016-04-08,0.03,0.027999999999999997,0.027999999999999997,111606.0,,,
,0.03,0.03,2016-04-11,0.03,0.028999999999999998,0.028999999999999998,580848.0,,,
,0.03,0.03,2016-04-12,0.03,0.03,0.03,174498.0,,,
,0.03,0.03,2016-04-13,0.03,0.03,0.03,197000.0,,,
,0.028999999999999998,0.028999999999999998,2016-04-14,0.03,0.028999999999999998,0.03,190535.0,,,
,0.03,0.03,2016-04-15,0.032,0.03,0.03,282450.0,,,
,0.03,0.03,2016-04-18,0.031,0.03,0.03,852904.0,,,
,0.031,0.031,2016-04-19,0.032,0.031,0.031,329367.0,,,
,0.031,0.031,2016-04-20,0.032,0.031,0.031,160425.0,,,
,0.031,0.031,2016-04-21,0.033,0.031,0.031,150543.0,,,
,0.032,0.032,2016-04-22,0.032,0.031,0.031,457595.0,,,
,0.035,0.035,2016-04-26,0.035,0.032,0.032,722329.0,,,
,0.034,0.034,2016-04-27,0.034,0.034,0.034,152877.0,,,
,0.033,0.033,2016-04-28,0.034,0.033,0.034,125200.0,,,
,0.03,0.03,2016-04-29,0.033,0.03,0.033,1140677.0,,,
,0.032,0.032,2016-05-02,0.032,0.03,0.03,27059.0,,,
,0.032,0.032,2016-05-03,0.033,0.031,0.033,103335.0,,,
,0.031,0.031,2016-05-04,0.031,0.03,0.03,109406.0,,,
,0.031,0.031,2016-05-05,0.031,0.031,0.031,371075.0,,,
,0.031,0.031,2016-05-06,0.032,0.031,0.032,17093.0,,,
,0.03,0.03,2016-05-09,0.031,0.03,0.031,805921.0,,,
,0.031,0.031,2016-05-10,0.032,0.031,0.032,762500.0,,,
,0.03,0.03,2016-05-11,0.031,0.03,0.03,137988.0,,,
,0.031,0.031,2016-05-12,0.031,0.031,0.031,147383.0,,,
,0.031,0.031,2016-05-13,0.032,0.031,0.031,668144.0,,,
,0.033,0.033,2016-05-16,0.033,0.031,0.031,562994.0,,,
,0.03,0.03,2016-05-17,0.033,0.027999999999999997,0.033,4741856.0,,,
,0.028999999999999998,0.028999999999999998,2016-05-18,0.032,0.028999999999999998,0.03,2632668.0,,,
,0.027999999999999997,0.027999999999999997,2016-05-19,0.031,0.027999999999999997,0.03,1075988.0,,,
,0.028999999999999998,0.028999999999999998,2016-05-20,0.028999999999999998,0.027999999999999997,0.027999999999999997,253808.0,,,
,0.027999999999999997,0.027999999999999997,2016-05-23,0.028999999999999998,0.027999999999999997,0.028999999999999998,124331.0,,,
,0.028999999999999998,0.028999999999999998,2016-05-24,0.028999999999999998,0.027999999999999997,0.027999999999999997,473765.0,,,
,0.028999999999999998,0.028999999999999998,2016-05-25,0.028999999999999998,0.028999999999999998,0.028999999999999998,99094.0,,,
,0.027999999999999997,0.027999999999999997,2016-05-26,0.028999999999999998,0.027999999999999997,0.028999999999999998,458806.0,,,
,0.027999999999999997,0.027999999999999997,2016-05-27,0.027999999999999997,0.027999999999999997,0.027999999999999997,113214.0,,,
,0.027000000000000003,0.027000000000000003,2016-05-30,0.027999999999999997,0.027000000000000003,0.027000000000000003,418871.0,,,
,0.027000000000000003,0.027000000000000003,2016-05-31,0.027000000000000003,0.026000000000000002,0.027000000000000003,962823.0,,,
,0.027000000000000003,0.027000000000000003,2016-06-01,0.027000000000000003,0.027000000000000003,0.027000000000000003,143000.0,,,
,0.027000000000000003,0.027000000000000003,2016-06-02,0.027000000000000003,0.027000000000000003,0.027000000000000003,76023.0,,,
,0.026000000000000002,0.026000000000000002,2016-06-03,0.027999999999999997,0.026000000000000002,0.027999999999999997,166643.0,,,
,0.026000000000000002,0.026000000000000002,2016-06-06,0.027000000000000003,0.026000000000000002,0.027000000000000003,123000.0,,,
,0.026000000000000002,0.026000000000000002,2016-06-07,0.027000000000000003,0.026000000000000002,0.027000000000000003,125458.0,,,
,0.026000000000000002,0.026000000000000002,2016-06-08,0.027000000000000003,0.026000000000000002,0.027000000000000003,180000.0,,,
,0.026000000000000002,0.026000000000000002,2016-06-09,0.028999999999999998,0.026000000000000002,0.026000000000000002,516023.0,,,
,0.025,0.025,2016-06-10,0.026000000000000002,0.025,0.026000000000000002,1146757.0,,,
,0.025,0.025,2016-06-14,0.026000000000000002,0.025,0.025,572684.0,,,
,0.025,0.025,2016-06-15,0.025,0.024,0.025,615060.0,,,
,0.024,0.024,2016-06-16,0.024,0.024,0.024,176000.0,,,
,0.024,0.024,2016-06-17,0.024,0.024,0.024,15000.0,,,
,0.025,0.025,2016-06-20,0.025,0.025,0.025,196870.0,,,
,0.025,0.025,2016-06-21,0.025,0.025,0.025,21042.0,,,
,0.025,0.025,2016-06-22,0.025,0.024,0.025,133046.0,,,
,0.025,0.025,2016-06-23,0.026000000000000002,0.025,0.025,76417.0,,,
,0.025,0.025,2016-06-24,0.026000000000000002,0.025,0.026000000000000002,1226500.0,,,
,0.027000000000000003,0.027000000000000003,2016-06-27,0.027000000000000003,0.025,0.025,385578.0,,,
,0.027999999999999997,0.027999999999999997,2016-06-28,0.03,0.026000000000000002,0.026000000000000002,739536.0,,,
,0.025,0.025,2016-06-29,0.026000000000000002,0.025,0.026000000000000002,720745.0,,,
,0.027000000000000003,0.027000000000000003,2016-06-30,0.027000000000000003,0.025,0.026000000000000002,1258889.0,,,
,0.027000000000000003,0.027000000000000003,2016-07-01,0.027999999999999997,0.027000000000000003,0.027999999999999997,305708.0,,,
,0.028999999999999998,0.028999999999999998,2016-07-04,0.028999999999999998,0.027000000000000003,0.027000000000000003,520837.0,,,
,0.027000000000000003,0.027000000000000003,2016-07-05,0.027000000000000003,0.027000000000000003,0.027000000000000003,16500.0,,,
,0.027000000000000003,0.027000000000000003,2016-07-06,0.027000000000000003,0.027000000000000003,0.027000000000000003,0.0,,,
,0.027000000000000003,0.027000000000000003,2016-07-07,0.027000000000000003,0.027000000000000003,0.027000000000000003,183000.0,,,
,0.026000000000000002,0.026000000000000002,2016-07-08,0.028999999999999998,0.026000000000000002,0.028999999999999998,111542.0,,,
,0.026000000000000002,0.026000000000000002,2016-07-11,0.028999999999999998,0.026000000000000002,0.028999999999999998,96042.0,,,
,0.026000000000000002,0.026000000000000002,2016-07-12,0.026000000000000002,0.026000000000000002,0.026000000000000002,17000.0,,,
,0.028999999999999998,0.028999999999999998,2016-07-13,0.028999999999999998,0.027000000000000003,0.027000000000000003,649456.0,,,
,0.028999999999999998,0.028999999999999998,2016-07-14,0.028999999999999998,0.028999999999999998,0.028999999999999998,100000.0,,,
,0.028999999999999998,0.028999999999999998,2016-07-15,0.028999999999999998,0.027999999999999997,0.027999999999999997,386005.0,,,
,0.03,0.03,2016-07-18,0.03,0.028999999999999998,0.028999999999999998,41980.0,,,
,0.03,0.03,2016-07-19,0.03,0.03,0.03,0.0,,,
,0.03,0.03,2016-07-20,0.03,0.03,0.03,0.0,,,
,0.03,0.03,2016-07-21,0.03,0.03,0.03,100000.0,,,
,0.028999999999999998,0.028999999999999998,2016-07-22,0.03,0.027999999999999997,0.027999999999999997,647644.0,,,
,0.03,0.03,2016-07-25,0.03,0.03,0.03,74411.0,,,
,0.035,0.035,2016-07-26,0.037000000000000005,0.031,0.031,1165230.0,,,
,0.040999999999999995,0.040999999999999995,2016-07-27,0.045,0.034,0.035,3460966.0,,,
,0.04,0.04,2016-07-28,0.044000000000000004,0.04,0.040999999999999995,4307143.0,,,
,0.039,0.039,2016-07-29,0.039,0.038,0.038,159410.0,,,
,0.037000000000000005,0.037000000000000005,2016-08-01,0.039,0.037000000000000005,0.038,1233996.0,,,
,0.037000000000000005,0.037000000000000005,2016-08-02,0.037000000000000005,0.037000000000000005,0.037000000000000005,288685.0,,,
,0.039,0.039,2016-08-03,0.039,0.036000000000000004,0.039,700717.0,,,
,0.04,0.04,2016-08-04,0.043,0.039,0.039,1430880.0,,,
,0.039,0.039,2016-08-05,0.040999999999999995,0.039,0.04,708501.0,,,
,0.039,0.039,2016-08-08,0.039,0.039,0.039,123122.0,,,
,0.04,0.04,2016-08-09,0.040999999999999995,0.04,0.040999999999999995,487521.0,,,
,0.042,0.042,2016-08-10,0.043,0.04,0.04,1048307.0,,,
,0.040999999999999995,0.040999999999999995,2016-08-11,0.042,0.04,0.042,785687.0,,,
,0.043,0.043,2016-08-12,0.044000000000000004,0.040999999999999995,0.040999999999999995,600699.0,,,
,0.046,0.046,2016-08-15,0.046,0.043,0.043,966161.0,,,
,0.043,0.043,2016-08-16,0.046,0.043,0.046,263793.0,,,
,0.043,0.043,2016-08-17,0.043,0.043,0.043,128590.0,,,
,0.04,0.04,2016-08-18,0.043,0.039,0.043,408159.0,,,
,0.042,0.042,2016-08-19,0.042,0.04,0.04,101066.0,,,
,0.042,0.042,2016-08-22,0.042,0.040999999999999995,0.042,68381.0,,,
,0.040999999999999995,0.040999999999999995,2016-08-23,0.040999999999999995,0.04,0.040999999999999995,383160.0,,,
,0.042,0.042,2016-08-24,0.044000000000000004,0.040999999999999995,0.040999999999999995,1360952.0,,,
,0.040999999999999995,0.040999999999999995,2016-08-25,0.042,0.039,0.042,1715107.0,,,
,0.04,0.04,2016-08-26,0.04,0.04,0.04,133790.0,,,
,0.039,0.039,2016-08-29,0.040999999999999995,0.039,0.040999999999999995,868164.0,,,
,0.038,0.038,2016-08-30,0.039,0.038,0.039,538696.0,,,
,0.038,0.038,2016-08-31,0.038,0.038,0.038,74801.0,,,
,0.037000000000000005,0.037000000000000005,2016-09-01,0.038,0.037000000000000005,0.038,25040.0,,,
,0.039,0.039,2016-09-02,0.039,0.039,0.039,168669.0,,,
,0.039,0.039,2016-09-05,0.04,0.039,0.039,667783.0,,,
,0.039,0.039,2016-09-06,0.040999999999999995,0.039,0.04,309128.0,,,
,0.04,0.04,2016-09-07,0.04,0.039,0.04,537708.0,,,
,0.04,0.04,2016-09-08,0.04,0.04,0.04,977.0,,,
,0.04,0.04,2016-09-09,0.04,0.04,0.04,0.0,,,
,0.04,0.04,2016-09-12,0.042,0.038,0.042,1073500.0,,,
,0.043,0.043,2016-09-13,0.043,0.04,0.042,731481.0,,,
,0.046,0.046,2016-09-14,0.046,0.043,0.045,1243723.0,,,
,0.042,0.042,2016-09-15,0.045,0.042,0.045,669493.0,,,
,0.044000000000000004,0.044000000000000004,2016-09-16,0.044000000000000004,0.042,0.042,109798.0,,,
,0.044000000000000004,0.044000000000000004,2016-09-19,0.044000000000000004,0.042,0.042,93000.0,,,
,0.039,0.039,2016-09-20,0.042,0.039,0.042,253686.0,,,
,0.045,0.045,2016-09-21,0.046,0.04,0.04,285076.0,,,
,0.045,0.045,2016-09-22,0.046,0.043,0.043,523843.0,,,
,0.05,0.05,2016-09-23,0.05,0.046,0.046,1347188.0,,,
,0.05,0.05,2016-09-26,0.05,0.05,0.05,740424.0,,,
,0.048,0.048,2016-09-27,0.049,0.046,0.049,113009.0,,,
,0.046,0.046,2016-09-28,0.046,0.046,0.046,16900.0,,,
,0.046,0.046,2016-09-29,0.046,0.046,0.046,71550.0,,,
,0.046,0.046,2016-09-30,0.049,0.046,0.049,199873.0,,,
,0.045,0.045,2016-10-02,0.046,0.045,0.045,219279.0,,,
,0.043,0.043,2016-10-03,0.045,0.043,0.045,1296105.0,,,
,0.044000000000000004,0.044000000000000004,2016-10-04,0.044000000000000004,0.042,0.043,766597.0,,,
,0.044000000000000004,0.044000000000000004,2016-10-05,0.044000000000000004,0.044000000000000004,0.044000000000000004,383434.0,,,
,0.044000000000000004,0.044000000000000004,2016-10-06,0.047,0.044000000000000004,0.046,340000.0,,,
,0.045,0.045,2016-10-09,0.045,0.045,0.045,242745.0,,,
,0.049,0.049,2016-10-10,0.049,0.047,0.047,658166.0,,,
,0.052000000000000005,0.052000000000000005,2016-10-11,0.057999999999999996,0.049,0.049,1631814.0,,,
,0.053,0.053,2016-10-12,0.054000000000000006,0.051,0.052000000000000005,835303.0,,,
,0.052000000000000005,0.052000000000000005,2016-10-13,0.053,0.051,0.053,426757.0,,,
,0.051,0.051,2016-10-16,0.053,0.051,0.053,219161.0,,,
,0.045,0.045,2016-10-17,0.05,0.045,0.05,1247602.0,,,
,0.048,0.048,2016-10-18,0.048,0.046,0.046,167095.0,,,
,0.047,0.047,2016-10-19,0.05,0.047,0.048,99900.0,,,
,0.049,0.049,2016-10-20,0.05,0.048,0.048,506303.0,,,
,0.048,0.048,2016-10-23,0.049,0.046,0.049,410037.0,,,
,0.047,0.047,2016-10-24,0.049,0.047,0.047,635711.0,,,
,0.046,0.046,2016-10-25,0.047,0.046,0.046,119862.0,,,
,0.045,0.045,2016-10-26,0.046,0.045,0.046,572521.0,,,
,0.044000000000000004,0.044000000000000004,2016-10-27,0.044000000000000004,0.042,0.043,208150.0,,,
,0.043,0.043,2016-10-30,0.043,0.043,0.043,285712.0,,,
,0.043,0.043,2016-10-31,0.043,0.043,0.043,0.0,,,
,0.045,0.045,2016-11-01,0.045,0.044000000000000004,0.045,57600.0,,,
,0.045,0.045,2016-11-02,0.046,0.044000000000000004,0.046,508399.0,,,
,0.043,0.043,2016-11-03,0.043,0.043,0.043,135509.0,,,
,0.044000000000000004,0.044000000000000004,2016-11-06,0.044000000000000004,0.043,0.043,140532.0,,,
,0.043,0.043,2016-11-07,0.043,0.043,0.043,156758.0,,,
,0.042,0.042,2016-11-08,0.043,0.042,0.043,1005645.0,,,
,0.043,0.043,2016-11-09,0.043,0.042,0.042,214858.0,,,
,0.045,0.045,2016-11-10,0.045,0.044000000000000004,0.045,147200.0,,,
,0.047,0.047,2016-11-13,0.047,0.045,0.046,165100.0,,,
,0.05,0.05,2016-11-14,0.05,0.046,0.046,247890.0,,,
,0.051,0.051,2016-11-15,0.054000000000000006,0.047,0.047,570288.0,,,
,0.053,0.053,2016-11-16,0.053,0.048,0.05,308764.0,,,
,0.05,0.05,2016-11-17,0.052000000000000005,0.048,0.048,772617.0,,,
,0.046,0.046,2016-11-20,0.049,0.045,0.049,448716.0,,,
,0.045,0.045,2016-11-21,0.046,0.045,0.046,1320098.0,,,
,0.045,0.045,2016-11-22,0.045,0.045,0.045,0.0,,,
,0.045,0.045,2016-11-23,0.045,0.045,0.045,573953.0,,,
,0.045,0.045,2016-11-24,0.045,0.045,0.045,12820.0,,,
,0.045,0.045,2016-11-27,0.045,0.045,0.045,0.0,,,
,0.046,0.046,2016-11-28,0.047,0.046,0.046,256763.0,,,
,0.048,0.048,2016-11-29,0.052000000000000005,0.048,0.05,597665.0,,,
,0.048,0.048,2016-11-30,0.051,0.048,0.05,621997.0,,,
,0.048,0.048,2016-12-01,0.048,0.047,0.048,452160.0,,,
,0.048,0.048,2016-12-04,0.048,0.046,0.048,354063.0,,,
,0.048,0.048,2016-12-05,0.048,0.047,0.048,184012.0,,,
,0.048,0.048,2016-12-06,0.048,0.048,0.048,85000.0,,,
,0.043,0.043,2016-12-07,0.046,0.043,0.046,1230848.0,,,
,0.044000000000000004,0.044000000000000004,2016-12-08,0.045,0.044000000000000004,0.044000000000000004,335988.0,,,
,0.043,0.043,2016-12-11,0.045,0.042,0.042,339111.0,,,
,0.044000000000000004,0.044000000000000004,2016-12-12,0.045,0.044000000000000004,0.044000000000000004,791890.0,,,
,0.044000000000000004,0.044000000000000004,2016-12-13,0.044000000000000004,0.043,0.043,1025272.0,,,
,0.044000000000000004,0.044000000000000004,2016-12-14,0.044000000000000004,0.044000000000000004,0.044000000000000004,0.0,,,
,0.042,0.042,2016-12-15,0.044000000000000004,0.040999999999999995,0.044000000000000004,479896.0,,,
,0.04,0.04,2016-12-18,0.040999999999999995,0.04,0.040999999999999995,546809.0,,,
,0.040999999999999995,0.040999999999999995,2016-12-19,0.040999999999999995,0.04,0.04,671674.0,,,
,0.042,0.042,2016-12-20,0.043,0.040999999999999995,0.040999999999999995,297834.0,,,
,0.042,0.042,2016-12-21,0.042,0.042,0.042,0.0,,,
,0.042,0.042,2016-12-22,0.042,0.042,0.042,0.0,,,
,0.04,0.04,2016-12-27,0.042,0.04,0.042,789067.0,,,
,0.04,0.04,2016-12-28,0.040999999999999995,0.04,0.04,950000.0,,,
,0.04,0.04,2016-12-29,0.04,0.04,0.04,247390.0,,,
,0.04,0.04,2017-01-02,0.04,0.04,0.04,399176.0,,,
,0.04,0.04,2017-01-03,0.04,0.039,0.04,406177.0,,,
,0.04,0.04,2017-01-04,0.04,0.04,0.04,1015215.0,,,
,0.04,0.04,2017-01-05,0.04,0.04,0.04,64853.0,,,
,0.040999999999999995,0.040999999999999995,2017-01-08,0.040999999999999995,0.039,0.039,2110800.0,,,
,0.039,0.039,2017-01-09,0.039,0.039,0.039,81112.0,,,
,0.042,0.042,2017-01-10,0.042,0.039,0.039,492629.0,,,
,0.040999999999999995,0.040999999999999995,2017-01-11,0.042,0.040999999999999995,0.040999999999999995,1246332.0,,,
,0.04,0.04,2017-01-12,0.040999999999999995,0.04,0.04,687753.0,,,
,0.04,0.04,2017-01-15,0.04,0.04,0.04,0.0,,,
,0.04,0.04,2017-01-16,0.04,0.04,0.04,0.0,,,
,0.04,0.04,2017-01-17,0.04,0.04,0.04,0.0,,,
,0.04,0.04,2017-01-18,0.04,0.04,0.04,0.0,,,
,0.04,0.04,2017-01-19,0.04,0.04,0.04,0.0,,,
,0.04,0.04,2017-01-22,0.04,0.04,0.04,0.0,,,
,0.04,0.04,2017-01-23,0.04,0.04,0.04,0.0,,,
,0.04,0.04,2017-01-24,0.04,0.04,0.04,0.0,,,
,0.04,0.04,2017-01-26,0.04,0.04,0.04,0.0,,,
,0.05,0.05,2017-01-29,0.055,0.045,0.053,18583106.0,,,
,0.05,0.05,2017-01-30,0.051,0.048,0.051,3831225.0,,,
,0.055,0.055,2017-01-31,0.057,0.05,0.05,4504686.0,,,
,0.054000000000000006,0.054000000000000006,2017-02-01,0.057999999999999996,0.054000000000000006,0.057,2446645.0,,,
,0.055999999999999994,0.055999999999999994,2017-02-02,0.055999999999999994,0.053,0.055999999999999994,932630.0,,,
,0.055999999999999994,0.055999999999999994,2017-02-05,0.057,0.055,0.057,2441999.0,,,
,0.061,0.061,2017-02-06,0.063,0.055999999999999994,0.055999999999999994,1964914.0,,,
,0.061,0.061,2017-02-07,0.061,0.055999999999999994,0.06,801991.0,,,
,0.062,0.062,2017-02-08,0.062,0.061,0.061,112038.0,,,
,0.055999999999999994,0.055999999999999994,2017-02-09,0.061,0.055,0.061,639391.0,,,
,0.057999999999999996,0.057999999999999996,2017-02-12,0.057999999999999996,0.057,0.057,272000.0,,,
,0.055,0.055,2017-02-13,0.055999999999999994,0.055,0.055999999999999994,707559.0,,,
,0.054000000000000006,0.054000000000000006,2017-02-14,0.055999999999999994,0.054000000000000006,0.055,697435.0,,,
,0.052000000000000005,0.052000000000000005,2017-02-15,0.054000000000000006,0.052000000000000005,0.054000000000000006,306442.0,,,
,0.054000000000000006,0.054000000000000006,2017-02-16,0.054000000000000006,0.052000000000000005,0.052000000000000005,317754.0,,,
,0.053,0.053,2017-02-19,0.054000000000000006,0.053,0.053,329189.0,,,
,0.052000000000000005,0.052000000000000005,2017-02-20,0.053,0.051,0.053,440952.0,,,
,0.051,0.051,2017-02-21,0.052000000000000005,0.05,0.052000000000000005,519240.0,,,
,0.051,0.051,2017-02-22,0.052000000000000005,0.051,0.052000000000000005,774724.0,,,
,0.05,0.05,2017-02-23,0.052000000000000005,0.05,0.052000000000000005,142692.0,,,
,0.05,0.05,2017-02-26,0.051,0.05,0.051,136297.0,,,
,0.05,0.05,2017-02-27,0.05,0.05,0.05,544819.0,,,
,0.049,0.049,2017-02-28,0.05,0.049,0.05,1140687.0,,,
,0.049,0.049,2017-03-01,0.051,0.049,0.05,226846.0,,,
,0.049,0.049,2017-03-02,0.05,0.049,0.05,312390.0,,,
,0.049,0.049,2017-03-05,0.049,0.049,0.049,67196.0,,,
,0.049,0.049,2017-03-06,0.05,0.049,0.049,106275.0,,,
,0.048,0.048,2017-03-07,0.049,0.048,0.049,156669.0,,,
,0.048,0.048,2017-03-08,0.048,0.048,0.048,384719.0,,,
,0.048,0.048,2017-03-09,0.048,0.048,0.048,259709.0,,,
,0.048,0.048,2017-03-12,0.049,0.048,0.048,934949.0,,,
,0.048,0.048,2017-03-13,0.049,0.048,0.049,210677.0,,,
,0.048,0.048,2017-03-14,0.048,0.048,0.048,19833.0,,,
,0.044000000000000004,0.044000000000000004,2017-03-15,0.047,0.044000000000000004,0.047,276720.0,,,
,0.044000000000000004,0.044000000000000004,2017-03-16,0.044000000000000004,0.044000000000000004,0.044000000000000004,0.0,,,
,0.044000000000000004,0.044000000000000004,2017-03-19,0.044000000000000004,0.044000000000000004,0.044000000000000004,0.0,,,
,0.044000000000000004,0.044000000000000004,2017-03-20,0.044000000000000004,0.044000000000000004,0.044000000000000004,0.0,,,
,0.044000000000000004,0.044000000000000004,2017-03-21,0.044000000000000004,0.044000000000000004,0.044000000000000004,0.0,,,
,0.044000000000000004,0.044000000000000004,2017-03-22,0.044000000000000004,0.044000000000000004,0.044000000000000004,0.0,,,
,0.044000000000000004,0.044000000000000004,2017-03-23,0.044000000000000004,0.044000000000000004,0.044000000000000004,0.0,,,
,0.044000000000000004,0.044000000000000004,2017-03-26,0.044000000000000004,0.044000000000000004,0.044000000000000004,0.0,,,
,0.044000000000000004,0.044000000000000004,2017-03-27,0.044000000000000004,0.044000000000000004,0.044000000000000004,0.0,,,
,0.044000000000000004,0.044000000000000004,2017-03-28,0.044000000000000004,0.044000000000000004,0.044000000000000004,0.0,,,
,0.045,0.045,2017-03-29,0.045,0.04,0.04,1117363.0,,,
,0.045,0.045,2017-03-30,0.045,0.044000000000000004,0.045,113505.0,,,
,0.048,0.048,2017-04-03,0.048,0.048,0.048,188970.0,,,
,0.05,0.05,2017-04-04,0.05,0.048,0.048,195184.0,,,
,0.049,0.049,2017-04-05,0.051,0.049,0.051,504238.0,,,
,0.049,0.049,2017-04-06,0.049,0.048,0.049,451688.0,,,
,0.049,0.049,2017-04-07,0.049,0.048,0.049,273942.0,,,
,0.046,0.046,2017-04-10,0.049,0.046,0.049,277001.0,,,
,0.046,0.046,2017-04-11,0.046,0.043,0.043,659664.0,,,
,0.046,0.046,2017-04-12,0.046,0.04,0.042,557115.0,,,
,0.043,0.043,2017-04-13,0.043,0.043,0.043,52623.0,,,
,0.042,0.042,2017-04-18,0.043,0.042,0.043,121450.0,,,
,0.04,0.04,2017-04-19,0.044000000000000004,0.04,0.044000000000000004,1175832.0,,,
,0.037000000000000005,0.037000000000000005,2017-04-20,0.038,0.037000000000000005,0.038,195345.0,,,
,0.039,0.039,2017-04-21,0.039,0.039,0.039,131400.0,,,
,0.038,0.038,2017-04-24,0.039,0.038,0.039,499600.0,,,
,0.037000000000000005,0.037000000000000005,2017-04-26,0.038,0.037000000000000005,0.038,218135.0,,,
,0.037000000000000005,0.037000000000000005,2017-04-27,0.037000000000000005,0.035,0.037000000000000005,143822.0,,,
,0.037000000000000005,0.037000000000000005,2017-04-28,0.037000000000000005,0.034,0.035,341356.0,,,
,0.036000000000000004,0.036000000000000004,2017-05-01,0.036000000000000004,0.035,0.035,44388.0,,,
,0.035,0.035,2017-05-02,0.036000000000000004,0.035,0.036000000000000004,200459.0,,,
,0.035,0.035,2017-05-03,0.035,0.035,0.035,5775.0,,,
,0.037000000000000005,0.037000000000000005,2017-05-04,0.037000000000000005,0.035,0.036000000000000004,232193.0,,,
,0.037000000000000005,0.037000000000000005,2017-05-05,0.037000000000000005,0.036000000000000004,0.036000000000000004,364848.0,,,
,0.037000000000000005,0.037000000000000005,2017-05-08,0.037000000000000005,0.037000000000000005,0.037000000000000005,93091.0,,,
,0.037000000000000005,0.037000000000000005,2017-05-09,0.037000000000000005,0.037000000000000005,0.037000000000000005,6112.0,,,
,0.039,0.039,2017-05-10,0.04,0.039,0.04,351909.0,,,
,0.036000000000000004,0.036000000000000004,2017-05-11,0.036000000000000004,0.036000000000000004,0.036000000000000004,63500.0,,,
,0.036000000000000004,0.036000000000000004,2017-05-12,0.036000000000000004,0.036000000000000004,0.036000000000000004,11050.0,,,
,0.037000000000000005,0.037000000000000005,2017-05-15,0.037000000000000005,0.036000000000000004,0.036000000000000004,106667.0,,,
,0.035,0.035,2017-05-16,0.036000000000000004,0.035,0.036000000000000004,501334.0,,,
,0.037000000000000005,0.037000000000000005,2017-05-17,0.037000000000000005,0.035,0.035,105834.0,,,
,0.035,0.035,2017-05-18,0.036000000000000004,0.035,0.036000000000000004,259296.0,,,
,0.036000000000000004,0.036000000000000004,2017-05-19,0.036000000000000004,0.035,0.035,502182.0,,,
,0.035,0.035,2017-05-22,0.036000000000000004,0.035,0.036000000000000004,1333294.0,,,
,0.036000000000000004,0.036000000000000004,2017-05-23,0.036000000000000004,0.035,0.035,339003.0,,,
,0.039,0.039,2017-05-24,0.039,0.036000000000000004,0.036000000000000004,638698.0,,,
,0.04,0.04,2017-05-25,0.04,0.039,0.039,393000.0,,,
,0.036000000000000004,0.036000000000000004,2017-05-26,0.04,0.036000000000000004,0.04,120000.0,,,
,0.036000000000000004,0.036000000000000004,2017-05-29,0.036000000000000004,0.036000000000000004,0.036000000000000004,137448.0,,,
,0.037000000000000005,0.037000000000000005,2017-05-30,0.037000000000000005,0.036000000000000004,0.036000000000000004,139579.0,,,
,0.037000000000000005,0.037000000000000005,2017-05-31,0.037000000000000005,0.037000000000000005,0.037000000000000005,10000.0,,,
,0.038,0.038,2017-06-01,0.038,0.036000000000000004,0.036000000000000004,220294.0,,,
,0.038,0.038,2017-06-02,0.038,0.035,0.036000000000000004,1017259.0,,,
,0.036000000000000004,0.036000000000000004,2017-06-05,0.037000000000000005,0.036000000000000004,0.037000000000000005,135455.0,,,
,0.036000000000000004,0.036000000000000004,2017-06-06,0.037000000000000005,0.036000000000000004,0.036000000000000004,68500.0,,,
,0.038,0.038,2017-06-07,0.038,0.036000000000000004,0.036000000000000004,68965.0,,,
,0.037000000000000005,0.037000000000000005,2017-06-08,0.038,0.037000000000000005,0.038,495000.0,,,
,0.035,0.035,2017-06-09,0.037000000000000005,0.035,0.036000000000000004,549746.0,,,
,0.037000000000000005,0.037000000000000005,2017-06-13,0.037000000000000005,0.035,0.035,1705558.0,,,
,0.036000000000000004,0.036000000000000004,2017-06-14,0.037000000000000005,0.035,0.035,192840.0,,,
,0.036000000000000004,0.036000000000000004,2017-06-15,0.036000000000000004,0.035,0.035,1314436.0,,,
,0.036000000000000004,0.036000000000000004,2017-06-16,0.036000000000000004,0.036000000000000004,0.036000000000000004,60005.0,,,
,0.036000000000000004,0.036000000000000004,2017-06-19,0.036000000000000004,0.036000000000000004,0.036000000000000004,394995.0,,,
,0.037000000000000005,0.037000000000000005,2017-06-20,0.038,0.036000000000000004,0.037000000000000005,606409.0,,,
,0.038,0.038,2017-06-21,0.038,0.037000000000000005,0.037000000000000005,167870.0,,,
,0.038,0.038,2017-06-22,0.038,0.037000000000000005,0.037000000000000005,146172.0,,,
,0.037000000000000005,0.037000000000000005,2017-06-23,0.038,0.037000000000000005,0.038,145158.0,,,
,0.037000000000000005,0.037000000000000005,2017-06-26,0.038,0.037000000000000005,0.038,747284.0,,,
,0.038,0.038,2017-06-27,0.039,0.037000000000000005,0.037000000000000005,179596.0,,,
,0.043,0.043,2017-06-28,0.043,0.039,0.039,812334.0,,,
,0.038,0.038,2017-06-29,0.043,0.038,0.043,818129.0,,,
,0.039,0.039,2017-06-30,0.039,0.038,0.038,19474.0,,,
,0.038,0.038,2017-07-03,0.039,0.038,0.039,617402.0,,,
,0.042,0.042,2017-07-04,0.042,0.042,0.042,15000.0,,,
,0.04,0.04,2017-07-05,0.040999999999999995,0.04,0.04,355332.0,,,
,0.039,0.039,2017-07-06,0.04,0.039,0.039,45389.0,,,
,0.04,0.04,2017-07-07,0.04,0.039,0.039,274365.0,,,
,0.039,0.039,2017-07-10,0.04,0.039,0.04,93104.0,,,
,0.040999999999999995,0.040999999999999995,2017-07-11,0.040999999999999995,0.038,0.039,343824.0,,,
,0.039,0.039,2017-07-12,0.039,0.039,0.039,13000.0,,,
,0.039,0.039,2017-07-13,0.04,0.039,0.04,57500.0,,,
,0.039,0.039,2017-07-14,0.039,0.039,0.039,2500.0,,,
,0.038,0.038,2017-07-17,0.039,0.038,0.039,175662.0,,,
,0.038,0.038,2017-07-18,0.038,0.037000000000000005,0.038,947590.0,,,
,0.037000000000000005,0.037000000000000005,2017-07-19,0.037000000000000005,0.037000000000000005,0.037000000000000005,90750.0,,,
,0.038,0.038,2017-07-20,0.038,0.037000000000000005,0.037000000000000005,93000.0,,,
,0.038,0.038,2017-07-21,0.038,0.038,0.038,0.0,,,
,0.036000000000000004,0.036000000000000004,2017-07-24,0.038,0.036000000000000004,0.038,1788007.0,,,
,0.036000000000000004,0.036000000000000004,2017-07-25,0.036000000000000004,0.036000000000000004,0.036000000000000004,25056.0,,,
,0.036000000000000004,0.036000000000000004,2017-07-26,0.037000000000000005,0.035,0.035,1545770.0,,,
,0.037000000000000005,0.037000000000000005,2017-07-27,0.037000000000000005,0.037000000000000005,0.037000000000000005,9108.0,,,
,0.037000000000000005,0.037000000000000005,2017-07-28,0.037000000000000005,0.037000000000000005,0.037000000000000005,0.0,,,
,0.037000000000000005,0.037000000000000005,2017-07-31,0.037000000000000005,0.037000000000000005,0.037000000000000005,0.0,,,
,0.036000000000000004,0.036000000000000004,2017-08-01,0.036000000000000004,0.036000000000000004,0.036000000000000004,1774819.0,,,
,0.035,0.035,2017-08-02,0.036000000000000004,0.035,0.036000000000000004,289967.0,,,
,0.034,0.034,2017-08-03,0.034,0.034,0.034,4200.0,,,
,0.034,0.034,2017-08-04,0.034,0.034,0.034,0.0,,,
,0.034,0.034,2017-08-07,0.034,0.034,0.034,0.0,,,
,0.037000000000000005,0.037000000000000005,2017-08-08,0.037000000000000005,0.035,0.035,627501.0,,,
,0.034,0.034,2017-08-09,0.034,0.034,0.034,152240.0,,,
,0.034,0.034,2017-08-10,0.034,0.034,0.034,0.0,,,
,0.035,0.035,2017-08-11,0.035,0.035,0.035,198565.0,,,
,0.034,0.034,2017-08-14,0.034,0.034,0.034,49000.0,,,
,0.034,0.034,2017-08-15,0.034,0.034,0.034,379560.0,,,
,0.033,0.033,2017-08-16,0.034,0.033,0.034,424310.0,,,
,0.033,0.033,2017-08-17,0.033,0.033,0.033,26667.0,,,
,0.033,0.033,2017-08-18,0.033,0.033,0.033,93124.0,,,
,0.033,0.033,2017-08-21,0.033,0.032,0.032,541519.0,,,
,0.033,0.033,2017-08-22,0.033,0.033,0.033,0.0,,,
,0.033,0.033,2017-08-23,0.033,0.033,0.033,17000.0,,,
,0.033,0.033,2017-08-24,0.033,0.033,0.033,93193.0,,,
,0.035,0.035,2017-08-25,0.036000000000000004,0.033,0.033,753559.0,,,
,0.034,0.034,2017-08-28,0.034,0.034,0.034,200000.0,,,
,0.033,0.033,2017-08-29,0.034,0.033,0.034,938038.0,,,
,0.033,0.033,2017-08-30,0.033,0.033,0.033,537145.0,,,
,0.033,0.033,2017-08-31,0.033,0.033,0.033,79000.0,,,
,0.033,0.033,2017-09-01,0.033,0.033,0.033,500514.0,,,
,0.034,0.034,2017-09-04,0.034,0.034,0.034,96995.0,,,
,0.034,0.034,2017-09-05,0.034,0.034,0.034,20000.0,,,
,0.034,0.034,2017-09-06,0.034,0.034,0.034,6160.0,,,
,0.036000000000000004,0.036000000000000004,2017-09-07,0.036000000000000004,0.035,0.035,447142.0,,,
,0.035,0.035,2017-09-08,0.036000000000000004,0.035,0.036000000000000004,770516.0,,,
,0.035,0.035,2017-09-11,0.036000000000000004,0.035,0.036000000000000004,1108421.0,,,
,0.035,0.035,2017-09-12,0.036000000000000004,0.035,0.036000000000000004,414743.0,,,
,0.035,0.035,2017-09-13,0.035,0.035,0.035,450302.0,,,
,0.037000000000000005,0.037000000000000005,2017-09-14,0.037000000000000005,0.037000000000000005,0.037000000000000005,24380.0,,,
,0.037000000000000005,0.037000000000000005,2017-09-15,0.037000000000000005,0.035,0.037000000000000005,107222.0,,,
,0.036000000000000004,0.036000000000000004,2017-09-18,0.038,0.036000000000000004,0.037000000000000005,297074.0,,,
,0.037000000000000005,0.037000000000000005,2017-09-19,0.038,0.037000000000000005,0.037000000000000005,800000.0,,,
,0.036000000000000004,0.036000000000000004,2017-09-20,0.036000000000000004,0.036000000000000004,0.036000000000000004,137282.0,,,
,0.036000000000000004,0.036000000000000004,2017-09-21,0.036000000000000004,0.036000000000000004,0.036000000000000004,13334.0,,,
,0.038,0.038,2017-09-22,0.038,0.035,0.037000000000000005,396099.0,,,
,0.037000000000000005,0.037000000000000005,2017-09-25,0.037000000000000005,0.036000000000000004,0.036000000000000004,334190.0,,,
,0.036000000000000004,0.036000000000000004,2017-09-26,0.036000000000000004,0.035,0.035,523298.0,,,
,0.035,0.035,2017-09-27,0.035,0.035,0.035,73514.0,,,
,0.036000000000000004,0.036000000000000004,2017-09-28,0.038,0.036000000000000004,0.037000000000000005,1449454.0,,,
,0.04,0.04,2017-09-29,0.04,0.038,0.038,465487.0,,,
,0.04,0.04,2017-10-01,0.04,0.039,0.04,845001.0,,,
,0.045,0.045,2017-10-02,0.045,0.04,0.04,1583987.0,,,
,0.044000000000000004,0.044000000000000004,2017-10-03,0.045,0.044000000000000004,0.045,2015078.0,,,
,0.042,0.042,2017-10-04,0.043,0.042,0.043,234000.0,,,
,0.045,0.045,2017-10-05,0.045,0.040999999999999995,0.040999999999999995,247757.0,,,
,0.048,0.048,2017-10-08,0.048,0.045,0.045,1181630.0,,,
,0.05,0.05,2017-10-09,0.052000000000000005,0.048,0.048,2269808.0,,,
,0.049,0.049,2017-10-10,0.05,0.049,0.05,2633615.0,,,
,0.05,0.05,2017-10-11,0.05,0.047,0.047,626832.0,,,
,0.049,0.049,2017-10-12,0.051,0.049,0.049,1336004.0,,,
,0.055,0.055,2017-10-15,0.057999999999999996,0.051,0.051,2789282.0,,,
,0.054000000000000006,0.054000000000000006,2017-10-16,0.057,0.054000000000000006,0.055,1906385.0,,,
,0.048,0.048,2017-10-17,0.053,0.047,0.053,2003695.0,,,
,0.05,0.05,2017-10-18,0.05,0.049,0.049,251998.0,,,
,0.049,0.049,2017-10-19,0.05,0.049,0.049,203055.0,,,
,0.052000000000000005,0.052000000000000005,2017-10-22,0.053,0.049,0.051,3610617.0,,,
,0.057,0.057,2017-10-23,0.057,0.052000000000000005,0.052000000000000005,1836760.0,,,
,0.054000000000000006,0.054000000000000006,2017-10-24,0.057999999999999996,0.054000000000000006,0.057,913788.0,,,
,0.055,0.055,2017-10-25,0.055,0.052000000000000005,0.052000000000000005,1054745.0,,,
,0.059000000000000004,0.059000000000000004,2017-10-26,0.062,0.057,0.061,4844985.0,,,
,0.065,0.065,2017-10-29,0.065,0.059000000000000004,0.059000000000000004,3470053.0,,,
,0.06,0.06,2017-10-30,0.065,0.057999999999999996,0.064,3231682.0,,,
,0.059000000000000004,0.059000000000000004,2017-10-31,0.059000000000000004,0.057999999999999996,0.057999999999999996,312316.0,,,
,0.057,0.057,2017-11-01,0.06,0.057,0.059000000000000004,1432232.0,,,
,0.061,0.061,2017-11-02,0.061,0.057,0.057,1943411.0,,,
,0.07200000000000001,0.07200000000000001,2017-11-05,0.075,0.063,0.063,4869600.0,,,
,0.07400000000000001,0.07400000000000001,2017-11-06,0.07400000000000001,0.071,0.073,1560513.0,,,
,0.067,0.067,2017-11-07,0.07400000000000001,0.066,0.07400000000000001,1679303.0,,,
,0.064,0.064,2017-11-08,0.067,0.063,0.067,1983650.0,,,
,0.062,0.062,2017-11-09,0.064,0.06,0.064,2237486.0,,,
,0.067,0.067,2017-11-12,0.07,0.063,0.063,1663187.0,,,
,0.07,0.07,2017-11-13,0.07200000000000001,0.067,0.069,2878931.0,,,
,0.071,0.071,2017-11-14,0.07200000000000001,0.07,0.07,564520.0,,,
,0.077,0.077,2017-11-15,0.079,0.073,0.073,1844918.0,,,
,0.084,0.084,2017-11-16,0.086,0.081,0.084,6076020.0,,,
,0.08,0.08,2017-11-19,0.085,0.08,0.085,2371314.0,,,
,0.08,0.08,2017-11-20,0.08199999999999999,0.08,0.081,1291011.0,,,
,0.077,0.077,2017-11-21,0.081,0.077,0.081,2690102.0,,,
,0.073,0.073,2017-11-22,0.078,0.073,0.077,2396259.0,,,
,0.07,0.07,2017-11-23,0.07,0.054000000000000006,0.06,15828260.0,,,
,0.069,0.069,2017-11-26,0.07400000000000001,0.066,0.069,3465279.0,,,
,0.067,0.067,2017-11-27,0.07,0.067,0.067,1584040.0,,,
,0.069,0.069,2017-11-28,0.07,0.068,0.07,1362572.0,,,
,0.066,0.066,2017-11-29,0.069,0.065,0.069,1614674.0,,,
,0.065,0.065,2017-11-30,0.065,0.062,0.064,1324264.0,,,
,0.061,0.061,2017-12-03,0.063,0.06,0.063,1514548.0,,,
,0.057999999999999996,0.057999999999999996,2017-12-04,0.061,0.054000000000000006,0.061,2071610.0,,,
,0.057,0.057,2017-12-05,0.057999999999999996,0.055,0.057,1288855.0,,,
,0.055999999999999994,0.055999999999999994,2017-12-06,0.057,0.055999999999999994,0.057,1037020.0,,,
,0.053,0.053,2017-12-07,0.057,0.05,0.057,2689048.0,,,
,0.057999999999999996,0.057999999999999996,2017-12-10,0.057999999999999996,0.054000000000000006,0.054000000000000006,921055.0,,,
,0.059000000000000004,0.059000000000000004,2017-12-11,0.06,0.057999999999999996,0.06,645380.0,,,
,0.063,0.063,2017-12-12,0.063,0.057,0.057,1946278.0,,,
,0.059000000000000004,0.059000000000000004,2017-12-13,0.062,0.059000000000000004,0.062,289327.0,,,
,0.057,0.057,2017-12-14,0.059000000000000004,0.055999999999999994,0.059000000000000004,1246110.0,,,
,0.057,0.057,2017-12-17,0.057,0.054000000000000006,0.055999999999999994,1558046.0,,,
,0.053,0.053,2017-12-18,0.057999999999999996,0.053,0.057999999999999996,750411.0,,,
,0.053,0.053,2017-12-19,0.053,0.053,0.053,601571.0,,,
,0.054000000000000006,0.054000000000000006,2017-12-20,0.054000000000000006,0.05,0.051,1013935.0,,,
,0.054000000000000006,0.054000000000000006,2017-12-21,0.054000000000000006,0.054000000000000006,0.054000000000000006,27000.0,,,
,0.052000000000000005,0.052000000000000005,2017-12-26,0.054000000000000006,0.052000000000000005,0.054000000000000006,181766.0,,,
,0.052000000000000005,0.052000000000000005,2017-12-27,0.052000000000000005,0.05,0.052000000000000005,403903.0,,,
,0.05,0.05,2017-12-28,0.052000000000000005,0.05,0.051,1184643.0,,,
,0.053,0.053,2018-01-01,0.055,0.049,0.05,1076529.0,,,
,0.053,0.053,2018-01-02,0.054000000000000006,0.052000000000000005,0.053,1462511.0,,,
,0.052000000000000005,0.052000000000000005,2018-01-03,0.055,0.051,0.054000000000000006,788238.0,,,
,0.053,0.053,2018-01-04,0.053,0.05,0.05,274015.0,,,
,0.054000000000000006,0.054000000000000006,2018-01-07,0.054000000000000006,0.053,0.053,206131.0,,,
,0.051,0.051,2018-01-08,0.054000000000000006,0.051,0.053,642226.0,,,
,0.049,0.049,2018-01-09,0.051,0.049,0.051,607098.0,,,
,0.05,0.05,2018-01-10,0.05,0.049,0.049,347048.0,,,
,0.048,0.048,2018-01-11,0.05,0.048,0.05,292692.0,,,
,0.05,0.05,2018-01-14,0.05,0.047,0.048,646580.0,,,
,0.048,0.048,2018-01-15,0.05,0.048,0.05,190219.0,,,
,0.05,0.05,2018-01-16,0.05,0.048,0.048,351725.0,,,
,0.049,0.049,2018-01-17,0.049,0.049,0.049,119636.0,,,
,0.049,0.049,2018-01-18,0.05,0.049,0.05,278264.0,,,
,0.05,0.05,2018-01-21,0.05,0.049,0.049,42001.0,,,
,0.048,0.048,2018-01-22,0.049,0.048,0.049,160000.0,,,
,0.048,0.048,2018-01-23,0.05,0.048,0.05,731398.0,,,
,0.049,0.049,2018-01-24,0.049,0.048,0.049,280000.0,,,
,0.049,0.049,2018-01-28,0.05,0.049,0.049,247000.0,,,
,0.049,0.049,2018-01-29,0.054000000000000006,0.049,0.049,2270332.0,,,
,0.053,0.053,2018-01-30,0.053,0.05,0.05,1155920.0,,,
,0.051,0.051,2018-01-31,0.052000000000000005,0.051,0.051,248072.0,,,
,0.051,0.051,2018-02-01,0.051,0.051,0.051,0.0,,,
,0.051,0.051,2018-02-04,0.051,0.051,0.051,0.0,,,
,0.051,0.051,2018-02-05,0.051,0.051,0.051,0.0,,,
,0.051,0.051,2018-02-06,0.051,0.051,0.051,0.0,,,
,0.051,0.051,2018-02-07,0.051,0.051,0.051,0.0,,,
,0.051,0.051,2018-02-08,0.051,0.051,0.051,0.0,,,
,0.051,0.051,2018-02-11,0.051,0.051,0.051,0.0,,,
,0.051,0.051,2018-02-12,0.051,0.051,0.051,0.0,,,
,0.051,0.051,2018-02-13,0.051,0.051,0.051,0.0,,,
,0.051,0.051,2018-02-14,0.051,0.051,0.051,0.0,,,
,0.051,0.051,2018-02-15,0.051,0.051,0.051,0.0,,,
,0.051,0.051,2018-02-18,0.051,0.051,0.051,0.0,,,
,0.051,0.051,2018-02-19,0.051,0.051,0.051,0.0,,,
,0.051,0.051,2018-02-20,0.051,0.051,0.051,0.0,,,
,0.051,0.051,2018-02-21,0.051,0.051,0.051,0.0,,,
,0.051,0.051,2018-02-22,0.051,0.051,0.051,0.0,,,
,0.051,0.051,2018-02-25,0.051,0.051,0.051,0.0,,,
,0.024,0.024,2018-10-17,0.025,0.024,0.025,304353.0,,,
,0.024,0.024,2018-10-18,0.024,0.024,0.024,451442.0,,,
,0.022,0.022,2018-10-21,0.024,0.022,0.024,898421.0,,,
,0.025,0.025,2018-10-22,0.026,0.022,0.022,1182741.0,,,
,0.025,0.025,2018-10-23,0.026,0.025,0.026,264207.0,,,
,0.025,0.025,2018-10-24,0.026,0.025,0.026,452007.0,,,
,0.025,0.025,2018-10-25,0.026,0.025,0.025,222770.0,,,
,0.027,0.027,2018-10-28,0.027,0.026,0.026,253452.0,,,
,0.025,0.025,2018-10-29,0.026,0.025,0.026,323827.0,,,
,0.023,0.023,2018-10-30,0.025,0.023,0.025,1217241.0,,,
,0.023,0.023,2018-10-31,0.025,0.023,0.025,1217241.0,,,
,0.021,0.021,2018-11-01,0.023,0.021,0.023,876431.0,,,
,0.022,0.022,2018-11-04,0.023,0.022,0.022,566404.0,,,
,0.022,0.022,2018-11-05,0.024,0.022,0.023,237913.0,,,
,0.022,0.022,2018-11-06,0.022,0.022,0.022,155863.0,,,
,0.022,0.022,2018-11-07,0.023,0.022,0.023,533289.0,,,
,0.024,0.024,2018-11-08,0.024,0.022,0.022,88948.0,,,
,0.023,0.023,2018-11-11,0.024,0.023,0.024,28425.0,,,
,0.022,0.022,2018-11-12,0.023,0.021,0.023,1010565.0,,,
,0.023,0.023,2018-11-13,0.023,0.022,0.023,77093.0,,,
,0.024,0.024,2018-11-14,0.024,0.022,0.022,264201.0,,,
,0.023,0.023,2018-11-15,0.024,0.023,0.023,162972.0,,,
,0.023,0.023,2018-11-18,0.023,0.023,0.023,0.0,,,
,0.023,0.023,2018-11-19,0.023,0.023,0.023,0.0,,,
,0.023,0.023,2018-11-20,0.024,0.023,0.024,348344.0,,,
,0.023,0.023,2018-11-21,0.023,0.023,0.023,0.0,,,
,0.023,0.023,2018-11-22,0.023,0.023,0.023,49651.0,,,
,0.022,0.022,2018-11-25,0.023,0.022,0.023,847987.0,,,
,0.022,0.022,2018-11-26,0.022,0.022,0.022,1351747.0,,,
,0.022,0.022,2018-11-27,0.022,0.022,0.022,0.0,,,
,0.022,0.022,2018-11-28,0.022,0.022,0.022,332240.0,,,
,0.022,0.022,2018-11-29,0.024,0.022,0.023,1023944.0,,,
,0.022,0.022,2018-12-02,0.022,0.022,0.022,169298.0,,,
,0.022,0.022,2018-12-03,0.023,0.022,0.023,199279.0,,,
,0.022,0.022,2018-12-04,0.023,0.022,0.023,199279.0,,,
,0.022,0.022,2018-12-05,0.022,0.022,0.022,0.0,,,
,0.022,0.022,2018-12-06,0.022,0.022,0.022,355218.0,,,
,0.022,0.022,2018-12-09,0.022,0.022,0.022,304668.0,,,
,0.022,0.022,2018-12-10,0.022,0.022,0.022,304668.0,,,
,0.022,0.022,2018-12-11,0.022,0.022,0.022,61677.0,,,
,0.022,0.022,2018-12-12,0.022,0.022,0.022,333671.0,,,
,0.022,0.022,2018-12-13,0.022,0.022,0.022,333671.0,,,
